SHPNSHANM,SERIESNM
あいうえお館,ウルトラかいじゅう絵本
あいうえお館,ウルトラマン
あかね書房,くまたくんのえほん
あかね書房,かばくん・くらしのえほん
あかね書房,あかね新えほんシリーズ
あかね書房,七不思議神社
あかね書房,ふしぎ町のふしぎレストラン
あかね書房,ことばとえ
あかね書房,すきっぷぶっくす　2
あかね書房,トリックアートアドベンチャー
あかね書房,おばけのはなし
あかね書房,わかったさんのおかしシリーズ
あかね書房,からだのえほん
あかね書房,緑川聖司の七不思議神社
あかね書房,たまごのほん
あかね書房,ゆうたくんちのいばりいぬ
あかね書房,ゆびにんぎょうえほん
あかね書房,けんちゃんとあそぼう
あかね書房,かえるえんみどりぐみ
あかね書房,あかねせかいの本
あかね書房,くりのきえんのおともだち
あかね書房,いぬうえくんとくまざわくん
あかね書房,ジオジオ
あかね書房,あかね新・えほんシリーズ
あかね書房,日本むかしばなし
あかね書房,スプラッシュ・ストーリーズ
あかね書房,ふしぎパティシエールみるか
あかね書房,ナツカのおばけ事件簿
あかね書房,わかったさんとおかしをつくろう！
あかね書房,ぞくぞく村
あかね書房,こまったさん
あかね書房,あかね創作えほん
あかね書房,あじわう絵本
あかね書房,日本の昔話えほん
あかね書房,おばけのポーちゃん
あかね書房,あかね・新えほんシリーズ
あかね書房,プカプカチョコレー島
あかね書房,日本の神話
あかね書房,えほん、よんで！
あかね書房,乗り物ひみつルポ
あかね書房,山田県立山田小学校
あかね書房,３分間サバイバル
あかね書房,おばけトリックアート
あかね書房,めくるしかけえほん
あすなろ書房,中学生までに読んでおきたい哲学
あすなろ書房,妖怪コンビニ
あすなろ書房,ちょっと昔の子どもたちのくらし
あすなろ書房,日本昔ばなし絵本
あすなろ書房,赤ちゃんのための絵本
あすなろ書房,中学生までに読んでおきたい日本文学
あすなろ書房,チュウチュウ通り
あすなろ書房,シートンどうぶつ記
あすなろ書房,輪切り図鑑クロスセクション
あすなろ書房,からだのひみつ、げんきのしくみ！
あすなろ書房,黒い兄弟
あすなろ書房,うさぴょんのせいかつ絵本
あすなろ書房,小学生までに読んでおきたい文学
いのちのことば社,〈ペーパーバック版〉たいせつなきみブッククラブ
くもん出版,あかちゃんごきげん
くもん出版,赤ちゃんとあそぶカード
くもん出版,くろくまくんの　かたりかけえほん
くもん出版,子どもとよむ日本の昔ばなし
くもん出版,くもんの写真図鑑カード
くもん出版,はじめてであうえほんシリーズ
くもん出版,おはなし・くろくま
くもん出版,おはなしくろくま
くもん出版,くろくまくんのことばえほん
くもん出版,ゆびであそぶえほん
くもん出版,わくわくくろくま
くもん出版,子どもとたのしむはじめてのえいごえほん
くもん出版,知ってびっくり！歯のひみつがわかる絵本
くもん出版,ひかりではっけん
くもん出版,はじめてであうえほん
くもん出版,えほんとあそぼ
くもん出版,１１歳のバースデー
くもん出版,えほんとあそぼう
くもん出版,おしゃべりペンでおけいこ！
こぐま社,ぶうとぴょんのえほん
こぐま社,三浦太郎の絵本
こぐま社,こぐまのどんどんぶんこ
こぐま社,絵巻えほん
こぐま社,わらべうたえほん
こぐま社,馬場のぼるの絵本
こぐま社,こぐまちゃん
こぐま社,１１ぴきのねこ
すばる舎,どうぶつ絵本
すばる舎,めくって楽しい穴あき絵本
すばる舎,ブラウンストーンいちぞくのぼうけん
たちばな出版,ディズニー
たちばな出版,ディズニー_ぬりえ
たちばな出版,戸渡阿見絵本シリーズ
たちばな出版,ディズニー・おはなしぬりえ
のら書店,むかしばなし
のら書店,グリムのむかしばなし
のら書店,どうぶつ絵本
ひかりのくに,あかちゃんとよむえほん
ひかりのくに,くすのきだんちシリーズ
ひかりのくに,わくわくユーモアえほん
ひかりのくに,ことばどんどん
ひかりのくに,どうぶつ絵本
ひかりのくに,えさがしえほん
ひかりのくに,おやさい生活えほん
ひかりのくに,ゆっくとすっくの絵本
ひかりのくに,あかちゃんあそぼ
ひかりのくに,１０ぴきのおばけ
ひかりのくに,ひかりのくに傑作絵本集
ひかりのくに,わくわく♪ユーモアえほん
ひかりのくに,くすのきだんち
ひかりのくに,一年生のおはなし
ひかりのくに,ルンバさんと１０５つごちゃん
ひかりのくに,じゅうにしのはなし
ひかりのくに,フェーマスしんぶん
ひかりのくに,あたらしい創作絵本大賞セレクション
ひかりのくに,３さいからののりものずかん
ひかりのくに,３さいからのあそべるずかん
ひかりのくに,たっぷりしゃしんずかん
ひかりのくに,はたらくくるま
ひかりのくに,０・１・２歳の　ゆびさし　しゃしん　ずかん
ひかりのくに,ゆっくとすっくＢａｂｙ
ひかりのくに,０・１・２さいのずかん
ひさかたチャイルド,はじめてめいさく
ひさかたチャイルド,わらべうたえほん
ひさかたチャイルド,おべんとうバス
ひさかたチャイルド,はたらくくるま
ひさかたチャイルド,おおきなかがく
ひさかたチャイルド,ぽかぽかおふろ
ひさかたチャイルド,絵本で知ろう！ＳＤＧｓ
ひさかたチャイルド,ポップアップ絵本
ひさかたチャイルド,しぜんにタッチ！
ひさかたチャイルド,０歳・１歳・２歳児の絵本
ひさかたチャイルド,スキンシップ絵本
ひさかたチャイルド,あかちゃんのための絵本
ひさかたチャイルド,ひさかたメルヘン
ひさかたチャイルド,ぽかぽかおふろシリーズ
ひさかたチャイルド,のりものしかけ絵本シリーズ
ひさかたチャイルド,あてっこしかけえほん
ひさかたチャイルド,パノラマえほん
ひつじ書房,みる・よむ・きく南の島ことば絵本　多良間島
ほぼ日刊イトイ新聞,ほぼにちの絵本
ほぼ日刊イトイ新聞,ほぼ日ブックス
ほるぷ出版,あなあき〇せいかつえほん
ほるぷ出版,ほるぷ創作絵本
ほるぷ出版,パーシー・ジャクソンとオリンポスの神々
ほるぷ出版,めくって　たのしい　しかけえほん
ほるぷ出版,からだをうごかすえほん
ほるぷ出版,めくって たのしい しかけえほん
ほるぷ出版,はじめてのこよみえほん
ほるぷ出版,＜新版＞サトクリフ・コレクション
ほるぷ出版,あんしんゲット！の絵本
ほるぷ出版,めくってたのしいしかけえほん
ほるぷ出版,パタパタえほん
ほるぷ出版,ほるぷ水族館えほん
ほるぷ出版,見る知る考えるずかん
ほるぷ出版,Ｄａｙａｎ　ｉｎ　Ｗａｃｈｉｆｉｅｌｄ
ほるぷ出版,声にだすことばえほん
ほるぷ出版,ＮＨＫふつうってなんだろう？えほん
ほるぷ出版,せいかつえほん
ほるぷ出版,ほるぷ動物園えほん
ほるぷ出版,ちいちゃんえほん
ほるぷ出版,十年屋＜児童版＞
ほるぷ出版,おいしい行事のえほん
ほるぷ出版,はじめてのいきもの
ほるぷ出版,はじめての行事えほん
ほるぷ出版,のりものはてなえほん
ほるぷ出版,あかちゃんがよろこぶしかけえほん
ほるぷ出版,火狩りの王
ほるぷ出版,ワンダー
ほるぷ出版,オリンポスの神々と７人の英雄
ぼりゅうむわんプロダクツ,チェンジングブック
アリス館,あかちゃんのりものえほん
アリス館,うたってあそぼ
アリス館,うららちゃんののりものえほん
アリス館,ぽかぽかえほん
アリス館,やあ！出会えたね
アリス館,ぐるぐるえほん
アリス館,鳥のおはなし絵本
アリス館,中川ひろたかのせいかつかがく絵本
アリス館,まあくんのバイバイあかちゃんシリーズ
イカロス出版,イカロスＭＯＯＫ
イマジネイション・プラス,ｉｍａｇｉｎａｔｉｏｎ　ｕｎｌｉｍｉｔｅｄ
インプレス,ナショジオキッズ
インプレス,はじめてのかがくのえほん
インプレス,ｍｏｍｏ　ｂｏｏｋ
イーストプレス,こどもプレス
エムピージェー,水族館へ行こう！
オーバーラップ,ポケモン空想科学読本
クレヨンハウス,ぶたのぶたじろうさん
クレヨンハウス,干支セトラ絵本
クレヨンハウス,落語絵本
クレヨンハウス,谷川俊太郎さんのあかちゃんから絵本
クレヨンハウス,谷川俊太郎のあかちゃんから絵本
クレヨンハウス,どうぶつ絵本
グラフィック社,すみっコぐらし
グランまま社,Ｂｏｏｋ　ｏｆ　ｓｅｎｓｅ　ｓｅｒｉｅｓ
コクヨ,しかけえほんシリーズ
コクヨ,ＷＯＲＫ×ＣＲＥＡＴＥ
コクヨＳ＆Ｔ,Ａｒｔｓ　ａｎｄ　Ｃｒａｆｔｓシリーズ
コクヨＳ＆Ｔ,ＷＯＲＫ×ＣＲＥＡＴＥ
コクヨＳ＆Ｔ,ＷＯＲＫ×ＣＲＥＡＴＥシリーズ
コクヨＳ＆Ｔ,どうぶつ絵本
サニ－サイド,Ｓｕｎｎｙｓｉｄｅ　Ｂｏｏｋｓ
サンクチュアリ・パブリッシング,ぜったいに
サンマーク出版,Ｂａｂｙ　Ｕｎｉｖｅｒｓｉｔｙ
サンマーク出版,ふってまわして
サンリオ,サンリオギフトブック
サンリオ,サンリオ
サンリード,創作えほん
スクウェア・エニックス,スライム
スクウェア・エニックス,ドラゴンクエスト
スタジオタック,どうぶつ絵本
スタジオタック,はたらくくるま
スターツ出版,総長さま、溺愛中につき。
スターツ出版,溺愛１２０％の恋
スターツ出版,今日、キミに告白します
スターツ出版,特等席はキミの隣。
スターツ出版,放課後図書室
スターツ出版,リアルゲーム
スターツ出版,この恋は、ぜったいヒミツ。
スターツ出版,狼彼氏×天然彼女
スターツ出版,交換ウソ日記
スターツ出版,爆発まで残り５分となりました
スターツ出版,ヴァンパイア・溺愛パラダイス
スターツ出版,放課後★七不思議！
スターツ出版,となりの一条三兄弟！
スターツ出版,ウタイテ！
ソノリテ,ｍｏｎｏｇｏｎ
チャイルド本社,チャイルドブックアップル
チャイルド本社,チャイルドブックこども百科
チャイルド本社,大きな大きな絵本
チャイルド本社,新こども伝記ものがたり＜絵本版＞
チャイルド本社,サンチャイルドビッグサイエンス
チャイルド本社,もこちゃんチャイルド
チャイルド本社,わくわくチャレンジえほん
チャイルド本社,サンチャイルド・ビッグサイエンス
チャイルド本社,おはなしチャイルド
チャイルド本社,おはなしチャイルドリクエストシリーズ
チャイルド本社,もこちゃんチャイルド　おはなしえほん　３
チャイルド本社,チャイルド科学絵本館
チャイルド本社,もこちゃんチャイルド　さわるえほん　４
チャイルド本社,チャイルドブックアップル傑作選
チャイルド本社,もこちゃんチャイルド　うたのえほん
チャイルド本社,もこちゃんチャイルド　うたのえほん　８
チャイルド本社,もこちゃんチャイルド　まねっこえほん　７
ディスカヴァー・トゥエンティワン,もいもい
ディスカヴァー・トゥエンティワン,ボードブック
デコ,からころ　ことばのおとのおもちゃばこ
トップスタジオＨＲ,世界と出会う絵本　イランの絵本
ナショナル出版,どうぶつ絵本
ナツメ社,こんちゅうずかん
ナツメ社,マジこわ！
ナツメ社,ナツメ社こどもブックス
ハッピーオウル社,しぜんのほん
ハッピーオウル社,おはなしのほん
パイインターナショナル,うごかす！めくる！
パイインターナショナル,手指をつかうしかけがいっぱい！
パイインターナショナル,日本の神話
パイインターナショナル,ＰＩＥのあかちゃんえほん
パイインターナショナル,はじめてのおべんきょう
ビリケン出版,Ｂｉｌｌｉｋｅｎ　ｂｏｏｋｓ
ビーエル出版,グリム絵本
ビーエル出版,ぞうのエルマーボードブック
ビーエル出版,ぞうのエルマーシリーズ
ビーエル出版,お化けシリーズ
ビーエル出版,こねこの　きょうだい　かぞえうた
ビーエル出版,くまくまくんシリーズ
ビーエル出版,歴史たんけん
ビーエル出版,世界のむかしばなし
ビーエル出版,新宮晋のポップアップ絵本
ビーエル出版,ぞうのエルマー
ビー・エヌ・エヌ,サンリオ
フレーベル館,アンパンマンのとびだすえほん
フレーベル館,それいけ！アンパンマン ゆびにんぎょうえほん
フレーベル館,やなせたかしの名作えほん
フレーベル館,やなせたかしのあんぱんまん
フレーベル館,それいけ！アンパンマン アニメえほん
フレーベル館,アンパンマンはじめまして
フレーベル館,いつものおみせで！
フレーベル館,アンパンマンのおはなしたんけん
フレーベル館,アンパンマンおままごとえほん
フレーベル館,ｉｉｉあいすくりん
フレーベル館,ＰＵＩ　ＰＵＩ　モルカー
フレーベル館,フレーベル館はじめてうたえほん
フレーベル館,おやこでよもう！金子みすゞ
フレーベル館,できたよ！アンパンマン
フレーベル館,せなけいこのえほん
フレーベル館,家守神
フレーベル館,アンパンマンマグネットブック
フレーベル館,わくわくメルヘンシリーズ
フレーベル館,あかちゃんといっしょ０・１・２
フレーベル館,アンパンマンのミニかたぬきえほん
フレーベル館,アンパンマン音えほん
フレーベル館,アンパンマンあてっこ知育えほん
フレーベル館,アンパンマン★スライドえほん
フレーベル館,ひきだしのなかの名作
フレーベル館,アンパンマン　ミニしかけえほん
フレーベル館,アンパンマンのぼうけん
フレーベル館,それいけ！アンパンマン スーパーアニメブック
フレーベル館,ころころえほんぷち
フレーベル館,おはなしえほんシリーズ
フレーベル館,アンパンマンおもしろブック
フレーベル館,アンパンマンタイヤえほん
フレーベル館,アンパンマンのいない・いない・ばぁ
フレーベル館,アンパンマンアニメギャラリー
フレーベル館,アンパンマンのことばえほん
フレーベル館,ふしぎコレクション
フレーベル館,フレーベル館の図鑑ナチュラ
フレーベル館,アンパンマンのかたぬきえほん
フレーベル館,おでかけアンパンマン
フレーベル館,アンパンマンのミニシール
フレーベル館,フレーベルのえほん
フレーベル館,アンパンマンマグネットえほん
フレーベル館,キンダーおはなしえほん傑作選
フレーベル館,ベイビー・アンパンマン
フレーベル館,アンパンマンドールブック
フレーベル館,アンパンマン
フレーベル館,アンパンマンのクリスマスえほん
フレーベル館,アンパンマンのおはなしでてこい
フレーベル館,できたよ！ アンパンマン
フレーベル館,アンパンマンとはじめよう！
フレーベル館,おはなしメルヘン　11
フレーベル館,アンパンマンのあいうえおずかん
フレーベル館,アンパンマン_ミニずかん
フレーベル館,アンパンマンのしかけえほん
フレーベル館,ウォーリー
フレーベル館,アンパンマンのちいさなずかん
フレーベル館,アンパンマン_ワークだいすき
フレーベル館,どこでもアンパンマン ミニブック
フレーベル館,それいけ！アンパンマン　スーパーアニメブック
フレーベル館,アンパンマンわかるかな
フレーベル館,アンパンマンはじめてのことばえほん
フレーベル館,はじめてのかがくえほん
フレーベル館,美術館公式「さがせ！」絵本
フレーベル館,こにぎりくん
ブティック社,ブティック・ムック
ブティック社,メイクアップファンタジーぬりえ
ブティック社,よい子とママのアニメ絵本
ブティック社,ブティックムック
ブティック社,ディズニー_ブティックムック
ブティック社,Ｂｏｕｔｉｑｕｅ　ｂｏｏｋｓ
ブロンズ新社,しごとばシリーズ
ブロンズ新社,Ｐｉｃｔ．ｂｏｏｋ
ブロンズ新社,ＰＩＣＴ．ＢＯＯＫ
ブロンズ新社,ペンギンきょうだい
ブロンズ新社,だるまさん
ブロンズ新社,かがくいひろしのファーストブック
ブロンズ新社,Ｇｏｍｉ　Ｔａｒｏ・ｗｏｒｋ　ｓｈｏｐ
ブロンズ新社,くまのがっこう　おでかけブック
ブロンズ新社,ヨシタケシンスケ発想えほん
ブロンズ新社,リサとガスパール
ベネッセコーポレーション,たまひよ音で学べる絵本
ベネッセコーポレーション,たまひよおうた絵本ミニ
ベネッセコーポレーション,たまひよ楽器あそび
ベネッセコーポレーション,たまひよおうた絵本
ベネッセコーポレーション,たまひよ脳すくすく絵本
ベネッセコーポレーション,たまひよ
ベネッセコーポレーション,たまひよごっこ遊び絵本
ベネッセコーポレーション,どうぶつ絵本
ベネッセコーポレーション,たまひよ音のずかん絵本
ペンギン社,世界こども図書館Ｂ
ポプラ社,おさるのジョージ
ポプラ社,はたらくくるま
ポプラ社,ディズニー_音のでる知育絵本
ポプラ社,お願い！フェアリー
ポプラ社,ラブオールプレー
ポプラ社,はじめてのトーマスのおはなし
ポプラ社,０点天使
ポプラ社,ディズニー_ともキャラＢＯＯＫＳ
ポプラ社,おしゃれだいすき
ポプラ社,ほんとうにあった！？　世界の超ミステリー
ポプラ社,はじめての世界名作えほん
ポプラ社,超ひみつゲット
ポプラ社,のりものマスター
ポプラ社,マイポケットコレクション
ポプラ社,これなあに？　かたぬきえほん
ポプラ社,音のでる・知育絵本
ポプラ社,かがみの孤城
ポプラ社,お江戸の百太郎
ポプラ社,おやこであそぼ
ポプラ社,恋愛寮においでよ☆
ポプラ社,真夜中のパン屋さん
ポプラ社,０歳からのあかちゃんえほん
ポプラ社,あかちゃんのずかん１００
ポプラ社,まもってあげたい！
ポプラ社,セカイのハテナ
ポプラ社,歴史ゴーストバスターズ
ポプラ社,くまの子ウーフのおはなし
ポプラ社,吾輩は猫である
ポプラ社,おちゃめなふたご
ポプラ社,赤毛のアン
ポプラ社,ロウリーのいい子
ポプラ社,撮影中につきおしずかに！
ポプラ社,オン・ステージ！
ポプラ社,時空レスキュー鉄火！
ポプラ社,図書室の怪談
ポプラ社,コトダマ！
ポプラ社,ようこそ！たんぽぽ書店へ
ポプラ社,サイキッカーですけど、なにか？
ポプラ社,トーマス_新・汽車のえほん
ポプラ社,幽霊お悩み相談室
ポプラ社,新装版くまの子ウーフの童話集
ポプラ社,さわってほわほわえほん
ポプラ社,ミニオンズ
ポプラ社,クリエイティ部！
ポプラ社,心が元気になる、５つの部活ストーリー
ポプラ社,活版印刷三日月堂
ポプラ社,アッチ・コッチ・ソッチの小さなおばけシリーズ
ポプラ社,いっしょにあそぼ
ポプラ社,オリンピック・パラリンピックのスゴイ話
ポプラ社,かくされた意味に気がつけるか？３分間ミステリー
ポプラ社,すみっコぐらし
ポプラ社,きっぷでＧｏ！
ポプラ社,ダンシング☆ハイ
ポプラ社,戦国武将列伝
ポプラ社,さわって学ぼう　点字の本
ポプラ社,おばけ話絵本
ポプラ社,おにのこにこちゃん
ポプラ社,ふりふりたんたん音の出る楽器絵本
ポプラ社,幕末英雄列伝
ポプラ社,トーマス_マイポケットキャラクター
ポプラ社,ポケット・ショコラ
ポプラ社,ツリーハウス
ポプラ社,リルリルフェアリル
ポプラ社,謎新聞ミライタイムズ
ポプラ社,これなあに？かたぬきえほんスペシャル
ポプラ社,いないいないばあっ！
ポプラ社,戦争と平和のものがたり
ポプラ社,ポプラせかいの絵本
ポプラ社,ポプラディア大図鑑ＷＯＮＤＡ
ポプラ社,ＩＱ探偵タクト
ポプラ社,ティモシーとサラの絵本
ポプラ社,絵本の時間
ポプラ社,ミオととなりのマーメイド
ポプラ社,おしりたんていかいとう
ポプラ社,レゴ
ポプラ社,おかあさんといっしょ
ポプラ社,シンデレラ
ポプラ社,怪談収集家　山岸良介
ポプラ社,ルーカス魔法塾池袋校
ポプラ社,探偵部におまかせください！
ポプラ社,ディズニー_音がでるミニミニえほん
ポプラ社,ももたろう
ポプラ社,花里小吹奏楽部
ポプラ社,プティ・パティシエール
ポプラ社,まじょのナニーさん
ポプラ社,くりちゃんのえほん
ポプラ社,サッカーのスゴイ話
ポプラ社,ひみつの妖精ハウス
ポプラ社,どうぶつ絵本
ポプラ社,トーマスの新テレビえほん
ポプラ社,三国志
ポプラ社,ティンクル・セボンスター
ポプラ社,ポプラ世界名作童話
ポプラ社,トーマスの５つのおはなし
ポプラ社,はじめてのせいかつえほん
ポプラ社,ポプラ社の絵本
ポプラ社,あかちゃんミニえほん
ポプラ社,トリプル・ゼロの算数事件簿
ポプラ社,シールでひらめきワークブック
ポプラ社,動物探偵ミア
ポプラ社,ボードブック
ポプラ社,ファンタジー超図鑑
ポプラ社,ブンダバー
ポプラ社,大解説！のりもの図鑑ＤＸ
ポプラ社,おむつはずしのえほん
ポプラ社,ぺたぺたチャンピオン！
ポプラ社,プロ野球のスゴイ話
ポプラ社,国語教科書にでてくる物語
ポプラ社,２ｉｎ１名門フライドチキン小学校
ポプラ社,五味太郎のおさんぽえほん
ポプラ社,てのひらのりものえほん
ポプラ社,尾木ママの女の子相談室
ポプラ社,初音ミクポケット
ポプラ社,ヒミツの子ねこ
ポプラ社,めちゃめちゃあそぶっく！
ポプラ社,おととあそぼうシリーズ
ポプラ社,トーマスのテレビえほん
ポプラ社,スーパー戦隊
ポプラ社,はじめてえほん
ポプラ社,ディズニー_おととあそぼうシリーズ
ポプラ社,えいごでよむ名作えほん
ポプラ社,シリーズ自然いのちひと
ポプラ社,ディズニーのえいごのほん
ポプラ社,日本のむかしばなしシリーズ
ポプラ社,きかんしゃトーマスとなかまたち
ポプラ社,おしりたんてい
ポプラ社,戦隊ヒーロー
ポプラ社,ディズニー
ポプラ社,ふわふわトイブック
ポプラ社,ふしぎ？おどろき！科学のお話
ポプラ社,きかんしゃトーマスのテレビえほんシリーズ
ポプラ社,本の怪談
ポプラ社,ディズニー_ふりふりたんたん音の出る楽器絵本
ポプラ社,いとうひろしの本
ポプラ社,トーマス_ＳＯＵＮＤ　ＴＯＹ　ＢＯＯＫＳ
ポプラ社,ウルトラマン
ポプラ社,音のでる知育絵本
ポプラ社,こどもえほんランド
ポプラ社,トーマス_シールだいすきブック
ポプラ社,ディズニーイングリッシュ
ポプラ社,ディズニー_シールだいすきブック
ポプラ社,仮面ライダー
ポプラ社,音がでるミニミニえほん
ポプラ社,きかんしゃトーマスの本
ポプラ社,魔天使マテリアル
ポプラ社,ＩＱ探偵ムー
ポプラ社,子どもの伝記
ポプラ社,絵本いつでもいっしょ
ポプラ社,冒険！発見！大迷路
ポプラ社,のびのび総合知育絵本
ポプラ社,シールだいすきブック
ポプラ社,トミカ
ポプラ社,魔法屋ポプル
ポプラ社,「ぼくら」シリーズ
ポプラ社,超ひみつゲット！
ポプラ社,魔入りました！入間くん
ポプラ社,いたずらまじょ子
ポプラ社,天才探偵Ｓｅｎ
ポプラ社,プラレール
ポプラ社,３５０サンリオシリーズスタンプビレッジ
ポプラ社,イシシとノシシのスッポコペッポコへんてこ話
ポプラ社,せなけいこのえほん
ポプラ社,狂言えほん
ポプラ社,魔法の庭ものがたり
ポプラ社,絵本のおもちゃばこ
ポプラ社,えほんはともだち
ポプラ社,えほんとなかよし
ポプラ社,角野栄子のちいさなどうわたち
ポプラ社,らくだい魔女
ポプラ社,グレッグのダメ日記
ポプラ社,南総里見八犬伝
ポプラ社,みやにしたつやのえほん
ポプラ社,これなあに？かたぬきえほん
ポプラ社,心を育てる偉人のお話
ポプラ社,教科書にでてくるお話
ポプラ社,魔女のルルー
ポプラ社,めがねうさぎの小さな絵本
ポプラ社,トーマス_ミニキャラえほん
ポプラ社,３５０シリーズ
ポプラ社,はじめてのぼうけん
ポプラ社,怪盗ルパン＜文庫版＞
ポプラ社,少年探偵・江戸川乱歩＜文庫版＞
ポプラ社,せなけいこのえ・ほ・ん
ポプラ社,ねずみくんの小さな絵本
ポプラ社,ポプラ社のよみきかせ大型絵本
ポプラ社,絵本・いつでもいっしょ
ポプラ社,橋本治・岡田嘉夫の歌舞伎絵巻
ポプラ社,おばけマンション
ポプラ社,トーマス
ポプラ社,ふしぎいっぱい写真絵本
ポプラ社,名作絵本復刊シリーズ
ポプラ社,まじょ子
ポプラ社,クーとマーのおぼえるえほん
ポプラ社,不思議の国のアリス
ポプラ社,なりきりえほん
ポプラ社,むかしむかし絵本
ポプラ社,ねずみくんの絵本
ポプラ社,絵本のせかい
ポプラ社,おはなし名作絵本
ポプラ社,ズッコケ
ポプラ社,おばけのアッチ
ポプラ社,世界名作ファンタジー
ポプラ社,かいけつゾロリ
マイクロマガジン社,転生したらスライムだった件
マイクロマガジン社,リラックマ
マイナビ出版,ヒョーゴノスケの絵本
マイナビ出版,マイナビムック
メディアファクトリー,マジック・ツリーハウス
メディア・パル,マッシュノートのおしゃれ絵本
メディア・パル,エンブックスの赤ちゃん絵本
メディア・パル,パタパタえほん
ラボ教育センター,文芸ＣＤブック
ラボ教育センター,ラボＣＤライブラリー
ラボ教育センター,Ｓｏｕｎｄｓ　ｉｎ　Ｋｉｄｄｙｌａｎｄ
ラボ教育センター,英日ＣＤ付き英語絵本
リーブル,えほんこどものまつり
リーブル,こどものじかんシリーズ
ロクリン社,こびとづかん
ロクリン社,北の大地の物語
ワールドライブラリー,Ｗｏｒｌｄ　ｌｉｂｒａｒｙ
ワールドライブラリー,どうぶつ絵本
ヴィレッジブックス,にいるぶっくす
三起商行,どうぶつ絵本
三起商行,ひよよのえほんシリーズ
三起商行,ミキハウスのうたよみえほんシリーズ
三起商行,ミキハウスの宮沢賢治絵本シリーズ
三起商行,ミキハウスの宮沢賢治絵本
三起商行,ブラウンベアファミリーのミニブック
三起商行,ミキハウスちいさなパズルえほん
三起商行,ミキハウスの絵本
三起商行,ミキハウス　音としかけのしつけえほん
三起商行,ミキハウス とびだすミニブック
世界文化社,セブンの行事えほんシリーズ
世界文化社,てあそびうたえほん
世界文化社,世界文化社のワンダー絵本
世界文化社,しかけ絵本
世界文化社,はじめておふろえほん
世界文化社,ワンダーおはなし絵本
世界文化社,ワンダー
世界文化社,さわってかんじるしかけえほん
世界文化社,シナぷしゅ
世界文化社,ユーモアせいかつ絵本・はみがき
世界文化社,ワンダーおはなし絵本　セブンの行事えほんシリーズ
世界文化社,世界文化社のワンダー絵本　いもとようこのともだちってすてき！
主婦と生活社,すみっコぐらし
主婦と生活社,３歳から親子で楽しむ本
主婦の友社,ガストンのソーシャルスキルえほん
主婦の友社,主婦の友はじめてブック
主婦の友社,頭のいい子を育てる
主婦の友社,こどもアート思考えほん
主婦の友社,ガストンのきぶんをととのえるえほん
主婦の友社,うちの３姉妹＜ジュニア版＞
主婦の友社,頭のいい子を育てるプチ
主婦の友社,主婦の友はじめてブックおはなしシリーズ
主婦の友社,主婦の友はじめてブックシリーズ
亜紀書房,亜紀書房えほんシリーズ〈あき箱〉
交通新聞社,あかちゃんえほん
交通新聞社,まどあきえほん
交通新聞社,はじめてカードずかん
交通新聞社,のりものおはなしえほん
交通新聞社,ウルトラマン
交通新聞社,めくってなるほど！しかけえほん　交通新聞社こどものほん
交通新聞社,トミカ
交通新聞社,０・１・２のりものえほん
交通新聞社,アンパンマン
交通新聞社,めくってごらんシリーズ
交通新聞社,おとのでるスーパーのりものシリーズ
交通新聞社,プラレール
交通新聞社,はじめてカード図鑑
交通新聞社,あかちゃん絵本
交通新聞社,スーパーのりものシリーズＡ
交通新聞社,めくってパタパタしかけえほん
交通新聞社,スーパーのりものシリーズ
交通新聞社,あなあきしかけえほん
交通新聞社,あいうえお絵本
交通新聞社,型はめえほん
交通新聞社,めくってみよう！
交通新聞社,ペネロペ
交通新聞社,めくってなるほど！　しかけえほん
交通新聞社,めくりしかけえほん
交通新聞社,スーパーのりものシリーズＤＸ
交通新聞社,のりもののひみつシリーズ
交通新聞社,でんしゃのひみつ
交通新聞社,交通新聞社こどものほん
交通新聞社,こどものほん
今人舎,オロジーズシリーズ
仮説社,海のナンジャコリャーズ
仮説社,青空晴之助
仮説社,どうぶつ絵本
佼成出版社,みつばちえほんシリーズ
佼成出版社,クローバーえほんシリーズ
佼成出版社,大型ガイド絵本シリーズ
佼成出版社,しつけ絵本シリーズ
佼成出版社,創作絵本シリーズ
便利堂,こどもびじゅつえほん
偕成社,世界のお話傑作選
偕成社,キーツの絵本
偕成社,リトル・アイ
偕成社,エリック・カールの絵本
偕成社,Ｌｕｎａ　ｐａｒｋ　ｂｏｏｋｓ
偕成社,アンデルセンどうわ
偕成社,８１３アルセーヌ・ルパン
偕成社,吾輩は猫である
偕成社,レ・ミゼラブル
偕成社,三銃士
偕成社,子鹿物語
偕成社,ハックルベリー・フィンの冒険
偕成社,少年探偵ブラウン
偕成社,ゲーム・ブック
偕成社,はたらくくるま
偕成社,木村裕一しかけ絵本
偕成社,女の子の昔話えほん
偕成社,シェイクスピア物語
偕成社,コタンの口笛
偕成社,シートン動物記
偕成社,赤毛のアン
偕成社,小公女
偕成社,クオレ
偕成社,グリム童話集
偕成社,まっしょうめん！
偕成社,シノダ！
偕成社,日本のむかし話
偕成社,もりはおもしろランド
偕成社,えいごのえほん
偕成社,創作大型えほん
偕成社,ビッグブック
偕成社,いわさきちひろの絵本
偕成社,てんじつきさわるえほん
偕成社,ボードブック
偕成社,ノンタンあそぼうよ
偕成社,ちいさいえほん
偕成社,かこさとしおはなしのほん
偕成社,ノンタン
偕成社,おれたち、ともだち！
偕成社,はじめてよむ絵本
偕成社,へんてこもり
偕成社,新訳えほんシリーズ
偕成社,ハッチンスの絵本
偕成社,バーバパパ
偕成社,なぞなぞえほん
偕成社,ミルキー杉山のあなたも名探偵
偕成社,新編・絵本平和のために
偕成社,黒ねこサンゴロウ
偕成社,ロッタちゃん
偕成社,彦一とんちばなし
偕成社,不思議の国のアリス
偕成社,おめんです
偕成社,あかちゃんのあそびえほん
偕成社,家なき娘
偕成社,「おれたち、ともだち！」絵本
偕成社,秘密の花園
偕成社,二年間の休暇
偕成社,海底二万海里
偕成社,シャーロック＝ホームズ
偕成社,おともだちあそびえほん
偕成社,エミリー
偕成社,ニルスのふしぎな旅
偕成社,新・自然きらきら
偕成社,クラバート
偕成社,次郎物語
偕成社,守り人シリーズ
偕成社,すきすきノンタン
偕成社,ジャングル・ブック
偕成社,エドガー＝アラン＝ポー怪奇・探偵小説集
偕成社,新訳えほん
偕成社,はらぺこあおむし
偕成社,グリムどうわ
偕成社,ベックマンの絵本
偕成社,あっ！とおどろくしかけえほん
偕成社,あかちゃんのあそびえほん　おでかけ版ボードブ
偕成社,あててあててえほん
偕成社,あかちゃんのほん
偕成社,ディズニーアニメ小説版
偕成社,１００かいだて
偕成社,ふしぎ駄菓子屋銭天堂シリーズ
偕成社,おばけやさん
偕成社,すみれちゃん
偕成社,日本の童話名作選
偕成社,創作えほん
偕成社,イーゲル号航海記
偕成社,プログラミングガールズ！
偕成社,ハイジ
偕成社,あかちゃんのわらべうた
偕成社,ちいさなやさいえほん
偕成社,あけて・あけてえほん
偕成社,まついのりこ　あかちゃんのほん
偕成社,イソップ童話
偕成社,あしながおじさん
偕成社,科学でナゾとき！
偕成社,トム・ソーヤーの冒険
偕成社,王子とこじき
偕成社,カリオストロ
偕成社,ラング世界童話全集
偕成社,神秘の島
偕成社,イソップどうわ
偕成社,大地の園
偕成社,ディズニー
偕成社,西遊記
偕成社,大どろぼうホッツェンプロッツ
偕成社,ホラー横丁１３番地
光文社,ＨＥＲＳ　ｂｏｏｋ
光文社,科学絵本
光村図書出版,飛ぶ教室の本
光村図書出版,光村ライブラリー
光村教育図書,はじめてのことば
冨山房,センダックの絵本
冨山房,バーニンガムのちいさいえほん
冨山房インターナショナル,ユリ子おばちゃんのおしゃべりえほん
出版ワークス,野ばらの村の物語シリーズ
化学同人,世界の美しい科学絵本
化学同人,手のひら図鑑
双葉社,クレヨンしんちゃん
双葉社,ｏｒａｎｇｅ
双葉社,王様ゲーム
双葉社,ルパン三世
双葉社,カラダ探し
双葉社,校内限定彼氏
双葉社,パズドラクロス
双葉社,ひぐらしのなく頃に
双葉社,夢みる太陽
双葉社,復讐教室
双葉社,初恋
国土社,えほん・ようかいむら
国土社,バイバイばいきんさん
国土社,えほん　ようかいむら
国土社,えほん・くだものむら
大日本図書,傑作ねこの絵本
大日本図書,ぼくはめいたんてい
大日本絵画,ディズニー
大日本絵画,ディズニーシールしかけえほん
大日本絵画,つまみひきしかけえほん
大日本絵画,あなあきしかけえほん
大日本絵画,ゆびにんぎょうしかけえほん
大日本絵画,さわる／おとがなるしかけえほん
大日本絵画,のぞいてごらんしかけえほん
大日本絵画,とびだす！どうわのしかけえほん
大日本絵画,てがみつきしかけえほん
大日本絵画,ワインドアップでゴー！
大日本絵画,ちいさなとびだししかけえほん
大日本絵画,ディズニーあなあきしかけえほん
大日本絵画,音がなるしかけえほん
大日本絵画,くるくるしかけえほん
大日本絵画,オルゴールしかけえほん
大日本絵画,とびだししかけえほん
大日本絵画,メリーゴーラウンドえほん
大日本絵画,大型しかけえほん
大日本絵画,ディズニーとびだししかけえほん
大日本絵画,ゆびにんぎょうえほん
大日本絵画,しかけえほん
大日本絵画,ムーミン
大日本絵画,はこのなかにはなんびきいるの？
大日本絵画,めくりしかけえほん
大日本絵画,ぶたいしかけえほん
大日本絵画,かがくしかけえほん
大日本絵画,キラキラしかけえほん
大日本絵画,なぞってみつけるしかけえほん
大日本絵画,ディズニーしかけえほん
大日本絵画,とびだすぶたいしかけえほん
大日本絵画,とびだすしかけえほん
大日本絵画,音のでるしかけえほん
大日本絵画,はじめてのしかけえほん
大日本絵画,おとがなるしかけえほん
大日本絵画,科学しかけえほんシリーズ
大日本絵画,ディズニー_めくりしかけえほん
大日本絵画,おりたたみしかけえほん
大日本絵画,スヌーピー
大日本絵画,ディズニー_しかけえほん
大日本絵画,ディズニーめくりしかけえほん
大日本絵画,さわるしかけえほん
大日本絵画,パペットしかけえほん
大泉書店,サンリオ
大泉書店,親子の名作よみきかせ絵本
大泉書店,ドキドキと感動のだいすき
大泉書店,あなあきしかけえほん
大泉書店,シナぷしゅ
大泉書店,おやすみまえのあかちゃんえほん
大阪大学出版会,はかせのわくわく科学絵本
太郎次郎社,斎藤公子監修名作絵本
好学社,給食番長シリーズ
好学社,画本宮澤賢治
好学社,フランシス絵本シリーズ
好学社,レオ=レオニシリーズ
婦人之友社,婦人之友社の生活絵本
子どもの未来社,日本の伝説
子どもの未来社,４歳からの性教育の絵本
子どもの未来社,８歳からの性教育の絵本
子どもの未来社,版画絵本宮沢賢治
学研プラス,のりものしかけえほん
学研プラス,すみっコぐらし
学研プラス,ＮＥＷあらかわしずえのさわってえほん
学研プラス,はじめてのおうたえほん
学研プラス,しなやかな心が育つ
学研プラス,リラックマ
学研プラス,ぴよちゃん絵本
学研プラス,ＬＩＶＥビジュアルクイズ図鑑
学研プラス,薬屋の魔女ティファニー
学研プラス,まほうのドレスハウス
学研プラス,ニルスのふしぎな旅
学研プラス,こどもずかん
学研プラス,学研のにんぎょうげきえほん
学研プラス,ディズニー_学研きらきら知育ブックス
学研プラス,１０分で読めるお話
学研プラス,１０分で読めるこわい話
学研プラス,スプーンおばさん
学研プラス,学研の図鑑ＬＩＶＥスペシャル
学研プラス,ミニオンズ
学研プラス,いないいないばあっ！
学研プラス,新装版　工藤ノリコのゆめのえほん
学研プラス,ひとりでよめるずかん
学研プラス,宮本算数教室の賢くなる絵本
学研プラス,キャラクターｄｅたのシール
学研プラス,４・５・６歳のふしぎクイズ
学研プラス,よみとく１０分
学研プラス,はじめてのしぜん絵本
学研プラス,ディズニー_５　Ｍｉｎｕｔｅ　Ｓｔｏｒｉｅｓ
学研プラス,ひみつの魔女フレンズ
学研プラス,１ねん１くみの女王さま
学研プラス,学研の図鑑ＬＩＶＥ　ｐｅｔｉｔ
学研プラス,１０分で読めるわらい話
学研プラス,ホール・ニュー・ワールド
学研プラス,なぜなラボ
学研プラス,しましまぐるぐる
学研プラス,新ポケット版学研の図鑑
学研プラス,学研の図鑑ＬＩＶＥ
学研プラス,学研おはなし絵本
学研プラス,いっしょにあそぼ
学研プラス,音の出る知育絵本
学研プラス,一歩一歩
学研プラス,おやこであそぶしかけえほん
学研プラス,たのしいしかけえほん
学研プラス,めくるしかけえほん
学研プラス,くまのがっこうぬのえほん
学研プラス,はらぺこあおむしおふろブック
学研プラス,選んでたどる恋ストーリー
学研プラス,ふれあい親子のほん
学研プラス,学研のえほんずかん
学研プラス,新版・ふれあいしぜん図鑑
学研プラス,学研の図鑑　ｆｏｒ　Ｋｉｄｓ
学研プラス,イチゴのお手紙つき
学研プラス,学研の図鑑
学研プラス,しかけボードえほん
学研プラス,学研の図鑑ＬＩＶＥポケット
学研プラス,イチゴの村のお話たち
学研プラス,白オバケ黒オバケのみつけて絵本
学研プラス,あそびのおうさまＢＯＯＫ
学研プラス,ぴったんこパズル
学研プラス,絵本セット　ふれあい親子のほん
学研プラス,キラピチブックス　こねこのコットンシリーズ
学研プラス,動物と話せる少女リリアーネ
学研プラス,キッズえほんシリーズ
学研プラス,どんぐりむら
学研プラス,一期一会
学研プラス,はっけんずかん
学研プラス,５分後に意外な結末
学研プラス,世界中でくりかえし読まれている本
学研プラス,どうぶつ絵本
学研プラス,新装版　はじめてのあかちゃんあそびえほん
学研プラス,なぜ？どうして？
学研プラス,あべ弘士のシートン動物記
学研プラス,ディズニーしかけえほん
学研プラス,うさぎちゃんの　ねるまええほん
学研プラス,ピノピノよもうよ・ピノピノとおひるね
学研プラス,メルちゃん
学研プラス,ディズニー_学研わくわく知育ドリル
学研プラス,部活系空色ノベルス
学研プラス,虹の島のお手紙つき
学研プラス,ロミオの青い空
学研プラス,「５分後に意外な結末」シリーズ
学研プラス,うらないきせかえシールブック
学研プラス,アートであそぼ
学研プラス,５分後に意外な結末Ｑ
学研プラス,パート・オブ・ユア・ワールド
学研プラス,トーマス
学研プラス,みみちゃんと　いっしょ！
学研プラス,名作よんでよんで
学研プラス,プリンセスシールブック
学研プラス,５秒後に意外な結末
学研プラス,おたすけしかけえほん
学研プラス,暗号サバイバル学園
学研プラス,リトル☆バレリーナ
学研プラス,パウ・パトロール
学研プラス,１０歳までに読みたい名作ミステリー
学研プラス,遊べる図鑑絵本
学研プラス,はっけんことばずかん
学研プラス,リカちゃん
学研プラス,ディズニー
学研プラス,５分後に意外な結末ｅｘ
学研プラス,ランドセル名作
学研プラス,かたりかけ　はじめてぶっく
学研プラス,あそびのおうさまずかん
学研プラス,おつきさま
学研プラス,学研の図鑑ＬＩＶＥｅｃｏ
学研プラス,最強のりものヒーローズブックス
学研プラス,学研の図鑑ＬＩＶＥｆｏｒガールズ
学研プラス,１０歳までに読みたい日本名作
学研プラス,はっけんずかんプラス
学研プラス,はじめてのあかちゃんあそびえほん
学研プラス,学研のクイズ図鑑
学研プラス,学研の図鑑ＬＩＶＥ　どうぶつブック
学研プラス,ぴよちゃんの知育えほん
学研プラス,１０分で読める物語
学研プラス,おさかなちゃん
学研プラス,動物病院のマリー
学研プラス,おうさまのたからばこ
学研プラス,ｎｉｃｋｅｌｏｄｅｏｎ
学研プラス,ＤＶＤつき最強えほんずかん
学研プラス,キラピチブックス
学研プラス,何かが奇妙な物語
学研プラス,なぜ？の図鑑
学研プラス,王女さまのお手紙つき
学研プラス,水瓶座の少女アレーア
学研プラス,たのしいえさがし
学研プラス,表参道高校合唱部！
学研プラス,ＮＥＷぴよちゃんとあそぼ！
学研プラス,めくって学べる
学研プラス,プリンセスゲームブック
学研プラス,トミカ
学研プラス,１０分で読める名作
学研プラス,学研わくわく知育ドリル
学研プラス,ＰＥＴＩＴ　ＰＯＯＫＡ
学研プラス,どうぶつのお話
学研プラス,１０歳までに読みたい世界名作
学研プラス,５分後の隣のシリーズ
宝島社,ディズニー
宝島社,トーマス
宝島社,ウルトラマン
宝島社,チコちゃん
宝島社,ひつじのショーン
宝島社,リカちゃん
宝島社,ボス・ベイビー
実業之日本社,水族館ガール
実業之日本社,テレビアニメえほん
実業之日本社,子どもに聞かせる世界の民話
小学館,シャドウ・チルドレン
小学館,探偵ハイネは予言をはずさない
小学館,はろー！マイベイビー
小学館,トイ・ストーリー
小学館,モンスターズインク
小学館,ＳＴＡＮＤ　ＢＹ　ＭＥ　ドラえもん
小学館,レベル１で異世界召喚されたオレだけど
小学館,アナと雪の女王
小学館,１話３分こわい家、あります。
小学館,ディセンダント
小学館,仮面ライダー_小学館のテレビ絵本
小学館,ボス・ベイビー
小学館,ある日犬の国から手紙が来て
小学館,ゆめ☆かわ　ここあのコスメボックス
小学館,小学館テレビ絵本
小学館,ちび☆デビ！
小学館,名探偵コナン
小学館,イナズマイレブン
小学館,ドラえもん
小学館,謎解きはディナーのあとで
小学館,さがして！みつけて！シリーズ
小学館,トミカ_小学館のテレビ絵本
小学館,てれびくんデラックス＜愛蔵版＞
小学館,人間回収車
小学館,天才発明家ニコ＆キャット
小学館,ディズニーツムツムの大冒険
小学館,映画・くまのがっこうパティシエ・ジャッキーとおひさまのスイーツ
小学館,怪盗グルー
小学館,おはなし　タマ＆フレンズ
小学館,パウ・パトロール
小学館,ミッケ
小学館,ポケットモンスター_知育ちがいさがしブック
小学館,ぷっちぐみおでかけシールえほんデラックス
小学館,プラチナスターブックス
小学館,名作映画イラストレーション絵本
小学館,ディズニー_プラチナスターブックス
小学館,レイトン　ミステリー探偵社～カトリーのナゾトキファイル～
小学館,ウルトラマン
小学館,ドラえもんファーストブック
小学館,ネコ魔女見習いミルク
小学館,ダレン・シャン前史
小学館,ポケットモンスター_創作児童読物
小学館,スナックワールド
小学館,泣けちゃう怪談
小学館,へのへのカッパせんせい
小学館,どうぶつの森
小学館,彼方からのジュエリーナイト！
小学館,てれびくんデラックス愛蔵版
小学館,映画ドラえもん
小学館,がんばれ！ルルロロ
小学館,ＭＡＪＯＲ　２ｎｄ
小学館,ジュラシック・ワールド
小学館,おはなし　コウペンちゃん
小学館,花にけだもの
小学館,愛情融資店まごころ
小学館,大熊猫ベーカリー
小学館,はたらくくるま
小学館,ひらめき★シールえほん
小学館,アンパンマン_ひらめき★シールえほん
小学館,妖怪ウォッチ_ピギーファミリーシリーズ
小学館,ドラえもん_ピギーファミリーシリーズ
小学館,めくってものしり絵本
小学館,星のカービィ_まるごとシールブック
小学館,スヌーピー
小学館,トーマス_まるごとシールブック
小学館,ディズニー_まるごとシールブック
小学館,ポケットモンスター_まるごとシールブック
小学館,まるごとシールブックＤＸ
小学館,ゆびにんぎょうえほん　いないいないばあっ！
小学館,シナぷしゅ
小学館,ポケットモンスター_ひらめき★シールえほん
小学館,小学館の図鑑ＮＥＯの科学絵本
小学館,どうぶつ絵本
小学館,マインクラフト
小学館,ドラえもん_知育ちがいさがしブック
小学館,ポケットモンスター_モンポケえほんシリーズ
小学館,おひさまのほん
小学館,世界名作おはなし絵本
小学館,翻訳創作絵本シリーズ
小学館,創作絵本シリーズ
小学館,ポケットモンスター_コミュニティー絵本
小学館,デコボコえほん
小学館,パウ・パトロールおはなし絵本
小学館,おもしろ落語絵本
小学館,Ｋｕｍａｄａ　Ｃｈｉｋａｂｏ’ｓ　Ｗｏｒｌｄ
小学館,赤毛のアン
小学館,はじめてのしつけ絵本
小学館,ドラえもん_しかけえほん
小学館,ポケットモンスター_めくりしかけえほん
小学館,とびだすえほん
小学館,ジュエルペット
小学館,てのひらしかけえほん
小学館,てのひらえほん
小学館,まるごとシールブック
小学館,ドラえもん_まるごとシールブック
小学館,きむらゆういちのパッチン絵本
小学館,しかけえほん
小学館,ポケットモンスター_翻訳創作絵本シリーズ
小学館,おさるのジョージ
小学館,小学館あーとぶっく
小学館,日本名作おはなし絵本
小学館,トロールズ
小学館,ディズニー
小学館,あかちゃんえほん
小学館,いないいないばあっ！
小学館,ドラえもん_アニメ超ひゃっか
小学館,ポケットモンスター_ピギーファミリーシリーズ
小学館,超ひゃっか
小学館,ポケットモンスター_テレビ超ひゃっか
小学館,テレビ超ひゃっか
小学館,ドラえもん_テレビ超ひゃっか
小学館,ぴっかぴかえほん
小学館,まじっく快斗１４１２
小学館,怪盗ジョーカー
小学館,まほう少女キティ
小学館,白魔女リンと３悪魔
小学館,華麗なる探偵アリス＆ペンギン
小学館,キミは宙－そら－のすべて
小学館,リアル鬼ごっこ
小学館,エリートジャック！！
小学館,１２歳。
小学館,ドラマ　ドーリィ♪カノン
小学館,天国の犬ものがたり
小学館,真代家こんぷれっくす！
小学館,機界戦隊ゼンカイジャー_テレビ絵本
小学館,境界のＲＩＮＮＥ
小学館,名探偵コナン_知育ちがいさがしブック
小学館,ドラえもん_創作児童読物
小学館,小学館の図鑑ＮＥＯ　まどあけずかん
小学館,小学館の図鑑ＮＥＯ　ＰＯＣＫＥＴ
小学館,小学館の図鑑ＮＥＯ＋ＰＯＣＫＥＴ
小学館,小学館の図鑑ＮＥＯ＋
小学館,小学館の図鑑ＮＥＯ
小学館,小学館の子ども図鑑プレＮＥＯ
小学館,小学館の子ども図鑑
小学館,てれびくんギンピカシール絵本
小学館,ピーターラビット
小学館,ドラえもん_テレビ絵本
小学館,すみっコぐらし_小学館のテレビ絵本
小学館,マグネットシールえほん
小学館,小学館版入門百科シリーズ
小学館,小学館キッズペディア
小学館,セサミストリート
小学館,ポケットモンスター
小学館,コんガらガっち
小学館,ミラキュラス
小学館,デモナータ
小学館,ショコラの魔法
小学館,いじめ
小学館,ナゾトキ姫
小学館,小学館入門百科シリーズ
小学館,ミニオンズ
小学館,ペット
小学館,ポケットモンスター_カラーワイド
小学館,美女と野獣
小学館,ＳＩＮＧ
小学館,ドラえもん　５分でドラ語り
小学館,おはなし　猫ピッチャー
小学館,緒崎さん家の妖怪事件簿
小学館,映画・妖怪ウォッチ
小学館,ギルティゲーム
小学館,銀色☆フェアリーテイル
小学館,お悩み解決！ズバッと同盟
小学館,ニホンブンレツ
小学館,世界名作シリーズ
小学館,プリパラ
小学館,ドラえもんのプレ学習シリーズ
小学館,ポケットモンスター_えいが超ひゃっか
小学館,トーマス
小学館,アンデルセンの絵本
小学館,シンカリオン
小学館,めくってあそぼう！しかけえほん
小学館,トーマス_知育ドリル
小学館,ぷっちぐみベスト！
小学館,コロコロカラーＳＰ
小学館,星のカービィ_ビッグコロタン
小学館,にゃんこ大戦争
小学館,ポケットモンスター_ビッグコロタン
小学館,ビッグコロタン
小学館,コロタン文庫
小学館,てんじつきさわるえほん
小学館,知育ドリル
小学館,ぷっちぐみベスト！！
小学館,ドラえもん_知育ドリル
小学館,トミカ_知育ドリル
小学館,トミカ
小学館,トーマスとしゅっぱつ！シリーズ
小学館,妖怪ウォッチ
小学館,アオアシ
小学館,ダレン・シャン
小学館,二月の勝者ー絶対合格の教室ー
小学館,４分の１の魔女リアと真夜中の魔法クラス
小学館,星のカービィ
小学館,知育ちがいさがしブック
小学館,パウ・パトロール_テレビ絵本
小学館,アンパンマン
小学館,シルバニア_小学館のカラーワイド
小学館,アンパンマン_小学館のカラーワイド
小学館,小学館のカラーワイド
小学館,すみっコぐらし
小学館,ワンダーライフスペシャル
小学館,ＴＨＩＳ　ＩＳ　ＡＮＩＭＡＴＩＯＮ
小学館,ジブリ
小学館,てれびくんデラックス
小学館,小学館カラーワイド
小学館,カラーワイド
小学館,小学館の図鑑たんけん！ＮＥＯ
小学館,ちっちゃなプレＮＥＯ２・３・４さい
小学館,いつでもカービィ
小学館,仮面ライダー
小学館,テレビ絵本
小学館,ピカチュウ_小学館のテレビ絵本
小学館,小学館のテレビ絵本
小学館,ハローキティ_小学館のカラーワイド
小学館,トーマス_小学館のカラーワイド
小学館,きっずジャポニカ
小学館,トーマス_えいが超ひゃっか
小学館,てれびくん超ひゃっかシリーズ
小学館,超ひゃっかシリーズ
小学館,名探偵コナン_まるごとシールブック
小学館,ドラえもん_かくれんぼ絵本
小学館集英社プロダクション,ＳｈｏＰｒｏ　Ｂｏｏｋｓ
小峰書店,ミニ版たたかう恐竜たち
小峰書店,恐竜しんはっけん
小峰書店,量子力学体験ツアー
小峰書店,新選組戦記
小峰書店,鬼遊び
小峰書店,あやしの保健室
小峰書店,真田十勇士
小峰書店,なのだのノダちゃん
小峰書店,こみねのりもの写真えほん２
小峰書店,かこさとし　あそびずかん
小峰書店,ペンダーウィックの四姉妹
小峰書店,にじいろえほん
小峰書店,ヒックとドラゴン
小峰書店,ファーブルこんちゅう記＜新版＞
小峰書店,ウォーリアーズ
小峰書店,のりものえほん
小峰書店,記録のえほん
小峰書店,こみねのえほん
小峰書店,えほん・こどもとともに
小峰書店,かこさとしのちいさいこのえほん
小峰書店,恐竜の大陸
小峰書店,かこさとし大自然のふしぎえほん
小峰書店,絵本地球ライブラリー
小峰書店,たたかう恐竜たち
小峰書店,えほんひろば
小峰書店,恐竜だいぼうけん
少年写真新聞社,少年写真絵本
少年写真新聞社,ゲッチョ先生の自然誌コレクション
少年写真新聞社,こころってふしぎ！
少年写真新聞社,たべるってたのしい！シリーズ
岩崎書店,アンティークＦＵＧＡ
岩崎書店,デルトラ・クエスト
岩崎書店,ポニー・ブックス＜復刻版＞
岩崎書店,絵本ノンフィクション
岩崎書店,ルルとララ
岩崎書店,妖界ナビ・ルナ
岩崎書店,マジカル少女レイナ
岩崎書店,おねえちゃんって
岩崎書店,ミニしかけえほん
岩崎書店,小説　弱虫ペダル
岩崎書店,カラフルえほん
岩崎書店,妖怪捕物帖
岩崎書店,よみきかせ　いきものしゃしんえほん
岩崎書店,ママと赤ちゃんのたべもの絵本
岩崎書店,恋の絵本
岩崎書店,英語でよもう！はじめてのめいさくCDつき
岩崎書店,はれぶた
岩崎書店,すこやかあかちゃんえほん
岩崎書店,絵本図鑑シリーズ
岩崎書店,ようかいとりものちょう
岩崎書店,ディズニー名作ムービーコレクション
岩崎書店,ペネロペしかけえほん
岩崎書店,みんなから聞いたほっこり怖い話
岩崎書店,えほんドリームランド
岩崎書店,ゆびでさわってどこかな？えほん
岩崎書店,ボードブック
岩崎書店,子犬のきらら
岩崎書店,デイヴィッド・ウォーカーの本
岩崎書店,五味太郎クラシックス
岩崎書店,ほねほねザウルス
岩崎書店,ｔｕｐｅｒａ　ｔｕｐｅｒａのＣＵＢＥえほん
岩崎書店,あかちゃんとあそぼ
岩崎書店,できるかな
岩崎書店,ミニしかけベビー
岩崎書店,たのしいしかけえほん
岩崎書店,レインボーえほん
岩崎書店,母と子の絵本
岩崎書店,ものがたり絵本
岩崎書店,創作絵本
岩崎書店,フェルトをめくると・・・
岩崎書店,イソップえほん
岩崎書店,すがたをかえる　たべものしゃしんえほん
岩崎書店,あかちゃんのりものえほん
岩崎書店,いのちのえほん
岩崎書店,えほんワンダーランド
岩崎書店,ペネロペおはなしえほん
岩崎書店,ちしきのぽけっと
岩崎書店,ホーキング博士のスペース・アドベンチャー
岩崎書店,かがくヲたのしむノンフィクション
岩崎書店,にじいろフェアリーしずくちゃん
岩崎書店,えほん・ドリームランド
岩崎書店,オカルト探偵ヨシダの実話怪談
岩崎書店,おうちほいくえん
岩崎書店,五味太郎のもじとことばの絵本
岩崎書店,岩崎創作絵本
岩崎書店,京極夏彦の妖怪えほん
岩崎書店,ミニしかけセレクト
岩崎書店,お笑いえほん
岩崎書店,新・創作絵本
岩崎書店,あなたへ
岩崎書店,げんきえほん
岩崎書店,えほんハートランド
岩崎書店,のびのび・えほん
岩崎書店,えほんのマーチ
岩崎書店,あかちゃんかどまるえほん
岩崎書店,えほんのぼうけん
岩崎書店,怪談えほん
岩崎書店,はじめてのめいさくえほん
岩崎書店,なんでも魔女商会
岩崎書店,妖怪捕物帖乙
岩崎書店,キラキラえほん
岩崎書店,しずくちゃん
岩崎書店,スヌーピー
岩崎書店,闇は光の母
岩崎書店,こんな子きらいかな？
岩崎書店,ひみつのおばけ一家
岩崎書店,ペネロペ
岩崎書店,おじょうさま小学生　はなこ　
岩波書店,アンデルセン童話集
岩波書店,ハイジ
岩波書店,グリム童話集
岩波書店,ゲド戦記
岩波書店,岩波の子どもの本
岩波書店,ひとまねこざる
岩波書店,おさるのジョージ
岩波書店,おさるのジョージ第４集
岩波書店,大型絵本
岩波書店,ともしびをかかげて
岩波書店,ピッピ
岩波書店,エミール
岩波書店,ドリトル先生
岩波書店,ナルニア国物語
岩波書店,岩波少年文庫
岩波書店,不思議の国のアリス
岩波書店,思い出のマーニー
岩波書店,秘密の花園
岩波書店,メアリー・ポピンズ
岩波書店,白い盾の少年騎士
岩波書店,西遊記
岩波書店,あたしのクオレ
岩波書店,哲夫の春休み
岩波書店,北の森の十二か月
岩波書店,七つのわかれ道の秘密
岩波書店,王のしるし
岩波書店,二年間の休暇
岩波書店,やかまし村
岩波書店,ホビットの冒険
岩波書店,ジム・ボタン
岩波書店,ベルリン三部作
岩波書店,ミス・ビアンカ
岩波書店,ハックルベリー・フィンの冒険
岩波書店,モンテ・クリスト伯
岩波書店,三国志
岩波書店,ホメーロス
岩波書店,フランバーズ屋敷の人びと
岩波書店,オオバンクラブ物語
岩波書店,トム・ソーヤーの冒険
岩波書店,ヤマネコ号の冒険
岩波書店,ロビン・フッドのゆかいな冒険
岩波書店,三銃士
岩波書店,海底二万海里
岩波書店,ホラー短編集
岩波書店,王への手紙
岩波書店,フリズル先生のマジック・スクールバス
岩波書店,てのひらむかしばなし
岩波書店,女海賊の島
岩波書店,スカラブ号の夏休み
岩波書店,少年キム
岩波書店,名探偵カッレ
岩波書店,ツバメ号とアマゾン号
岩波書店,ツバメ号の伝書バト
岩波書店,とぶ船
岩波書店,ふたごの兄弟の物語
岩波書店,アーミテージ一家のお話
岩波書店,ツバメの谷
岩波書店,海へ出るつもりじゃなかった
岩波書店,ひみつの海
岩波書店,アーベルチェ
岩波書店,ナルニア国ものがたり
岩波書店,長い冬休み
岩波書店,六人の探偵たち
岩波書店,シロクマ号となぞの鳥
岩波書店,若草物語
岩波書店,旧約聖書物語
岩波書店,はてしない物語
岩波書店,水滸伝
岩波書店,見習い物語
岳陽舎,どうぶつ絵本
岳陽舎,はじめての発見
工学図書,山烋のえほん
平凡社,ア・テイル・オブ・マジック
平凡社,ザ・ランド・オブ・ストーリーズ
幸福の科学出版,ＯＲ　ＢＯＯＫＳ
幻冬舎,どうぶつ絵本
幻冬舎,えんとつ町のプペル
幻冬舎,メルちゃん
幻冬舎,いないいないばあっ！
幻冬舎,絶対のばす脳育ドリル＋
廣済堂あかつき,世界の絵本
復刊ドットコム,いろのいろいろ絵本
復刊ドットコム,ｆｕｋｋａｎ．ｃｏｍ
復刊ドットコム,だいじょうぶの絵本
復刊ドットコム,かこさとし・しゃかいの本
復刊ドットコム,アンパンマン
徳間書店,あなあきしかけえほん
徳間書店,ＢＯＯＫＳ　ＦＯＲ　ＣＨＩＬＤＲＥＮ
徳間書店,ねこと王さま
徳間書店,徳間アニメ絵本
徳間書店,ムーミン
徳間書店,四つの人形のお話
徳間書店,ミニブック
徳間書店,ものだま探偵団
徳間書店,ムーミンのおはなしえほん
徳間書店,野坂昭如戦争童話集　沖縄篇
徳間書店,大魔法使いクレストマンシー
徳間書店,ミイのおはなしえほん
徳間書店,ジブリ
成美堂出版,じぶんでよめる
成美堂出版,読んでおきたい名作小学
成美堂出版,音と光のでる絵本
成美堂出版,オルゴールおうたえほん
成美堂出版,読んでおきたいお話小学
成美堂出版,かわいいマイクえほん
成美堂出版,こんちゅうずかん
成美堂出版,のりもの写真えほん
戸田デザイン研究室,知育えほんシリーズ
戸田デザイン研究室,戸田幸四郎名作絵本シリーズ
戸田デザイン研究室,こどもの色彩感覚を育てる絵本シリーズ
戸田デザイン研究室,赤ちゃん絵本シリーズ
技術評論社,マインクラフト
教育画劇,らくごえほん
教育画劇,１２か月のしかけえほん
教育画劇,日本の民話えほん
教育画劇,教育画劇みんなのえほん
教育画劇,行事の由来えほん
教育画劇,絵本・グリム童話
教育画劇,しかけえほんファーストブック
教育画劇,年少向かみしばいはじめての世界めいさく
教育画劇,教育画劇のかみしばい
教育画劇,おばけのやだもんシリーズ
教育画劇,教育画劇のかみしばい　みつけよう！行事まちがいさがし紙芝居
教育画劇,海のよごれは、みんなのよごれ　海洋ごみ問題を考えよう！
教育画劇,２ＷＡＹおはなしブック
教育画劇,面白い！鎌田歩の人気かがくえほん
教育画劇,れいぞうこのあるあるえほん
教育画劇,宮野聡子「おくりもの」シリーズ
教育画劇,きしらまゆこの２ＷＡＹおはなしブックシリーズ
教育画劇,おばけのやだもん
文化出版局,どうぶつあれあれえほん
文化出版局,ミセスこどもの本
文化出版局,あかちゃんのえほん
文化出版局,世界の傑作絵本
文化出版局,世界の創作絵本Ｂ
文化出版局,世界の傑作絵本Ｂ
文化出版局,日本の創作絵本
文化出版局,グレアム・グリーンの乗りもの絵本
文化出版局,こどもの本
文化出版局,どうぶつ絵本
文渓堂,ポップアップえほん
文渓堂,らいおんｂｏｏｋｓ
文渓堂,むかしむかし
文渓堂,世界恐怖図鑑
文渓堂,５分ごとにひらく恐怖のとびら百物語
文渓堂,バムとケロ
文渓堂,チコちゃん
文渓堂,ぶんけい絵本のひろば
文研出版,えほんのもり
文研出版,みるみる絵本
文研出版,文研ジョイフルえほん傑作集
文響社,うんこブックス
文響社,エミリ、ときどきマーメイド。
文響社,タイム・ジャンパーズ
文響社,音で楽しむ昔ばなし
文響社,専門家と作ったスキンシップ絵本
文響社,うんこBOOKS
文響社,名探偵テスとミナ
文響社,からだの「なぜ？」えほん
文響社,たまごの魔法屋トワ
文響社,うんこしかけえほん　うんこＢｏｏｋｓ
文響社,レアキッズのための絵本
文響社,まっててねおともだちシリーズ
新日本出版社,新日本出版社の絵本
新日本出版社,ことばたんてい
新日本出版社,ゾッとする怪談えほん
新星出版社,本当に怖い話Ｇ－ＭＡＸ－ギガマックス－
新星出版社,１話１０分謎解きホームルーム
新星出版社,本当に怖い話ＭＡＸ
新星出版社,本当に怖い話ＭＡＸ∞
新星出版社,おとのでるえほん
新星出版社,都市伝説大事典
新評論,すこやかな生のための《Ｉ　ＡＭ　ＷＥＬＬＮＥＳＳ》絵本シリーズ
旅行読売出版社,たびよみ観光絵本
日本図書センター,こんなこいるかな 【新装版】
日本図書センター,こんなこいるかな
日本基督教団出版局,リトルベル
日本能率協会,モンテッソーリのせいかつえほん
日本能率協会マネジメントセンター,モンテッソーリのせいかつえほん
早川書房,絵本　ピーターラビット
早川書房,名探偵ポアロ
早川書房,ミス・マープルの名推理
早川書房,絵本ピーターラビット
早川書房,列車探偵ハル
早川書房,ハヤカワ・ジュニア・ブックス
早川書房,絵本〈ピーターラビット〉
星の環会,５つの風の絵ものがたり
星和書店,大人のための絵本
星雲社,ＳＤＧｓシリーズ
星雲社,創作絵本シリーズ
星雲社,道徳えほん
星雲社,学べる絵本シリーズ
星雲社,おでかけＢＯＯＫ
星雲社,モモンガプレス
星雲社,緑新書
昭文社,まっぷるキッズ
朝日新聞出版,科学探偵謎野真実シリーズ
朝日新聞出版,音でる♪知育絵本
朝日新聞出版,光る★音でる♪知育絵本
朝日新聞出版,脳科学にもとづいた知育絵本
東京創元社,妖怪の子預かります
東京子ども図書館,おはなしのろうそく
東京書店,さわってあそぶ知育絵本
東京書店,日本の神様のお話
東京書店,とびだすえほん
東京書店,あそべるポップアップえほん
東京書店,さがしてたのしい知育絵本
東京書店,どうぶつたっち
東京書店,へんしんパズルえほん
東京書店,すみっコぐらし
東京書店,わくわく音あそびえほん
東京書店,はじめての絵の具遊び
東京書店,メイクアップぬりえＢＯＯＫ
東京書籍,トーマス
東洋館出版社,お医者さんが考えた認知機能を育むえほんコグトレ
東洋館出版社,学校がもっとすきになるシリーズ
東洋館出版社,おかしっこ学校はじめ組
東洋館出版社,学校がもっとすきになる絵本シリーズ
横浜アニメーションラボ,ＹＡＭＡＶＩＣＯ　ＨＡＵＳ
永岡書店,ディズニー・ゴールデン・コレクション
永岡書店,ポップアップ絵本
永岡書店,保育園・幼稚園の先生とつくった
永岡書店,スライド知育しかけえほん
永岡書店,とびだすミニえほん
永岡書店,指人形えほん
永岡書店,０・１・２さいぬのえほん
永岡書店,トーマス
永岡書店,名作かみしばいシリーズ
永岡書店,シンデレラ
永岡書店,とびだすえほん
永岡書店,ポップアップおはなしえほん
永岡書店,新・知力開発シリーズ
永岡書店,ディズニー・プレミアム・コレクション
永岡書店,トロールズ
永岡書店,トミカ
永岡書店,ぐんぐん脳が育つ知育ドリル
永岡書店,日本昔ばなしアニメ絵本
永岡書店,ディズニー
永岡書店,たのしいポップアップえほん
永岡書店,ディズニーゴールデンコレクション
永岡書店,ちびまる子ちゃん
永岡書店,わらってみにつくしかけえほん
永岡書店,こども写真ひゃっか
永岡書店,ＩＱ・ＥＱ開発シリーズ
永岡書店,クレヨンしんちゃん
永岡書店,プラレール
永岡書店,なかよし写真えほん
永岡書店,０・１・２さいあかちゃんえほん
永岡書店,仮面ライダー
永岡書店,世界名作アニメ絵本
永岡書店,こころをはぐくむふれあいえほん
永岡書店,まどあきしかけえほん
永岡書店,親子で楽しむしかけえほん
永岡書店,めくって発見！えほん
永岡書店,日本昔ばなしシリーズ
永岡書店,ディズニー_愛蔵版ディズニー絵本
永岡書店,ディズニージグソーブック
永岡書店,ディズニー・ゴールデンシリーズ
永岡書店,ディズニープレミアム・コレクション
永岡書店,ドリームワークス・コレクション
永岡書店,ミニオンズ
永岡書店,はたらくくるま
汐文社,こころのえ？ほん
汐文社,ミニオンズ
汐文社,えほんミニオンズ第３期
汐文社,えほん遠野物語　第三期
汐文社,えほん遠野物語
汐文社,意味がわかるとゾッとする話３分後の恐怖
池田書店,本当にあった怖い話
池田書店,なぜ？どうして？生活のふしぎ
河出書房新社,話５分シリーズ＋
河出書房新社,世界名作プリンセス絵本
河出書房新社,５分シリーズ＋
河出書房新社,５分シリーズ
河出書房新社,トムとジェリー
潮出版社,アグネス・チャン親子で読む絵本
玄光社,ディズニー
玉川大学出版部,未来への記憶
現代企画室,末盛千枝子ブックス
理論社,世界ショートセレクション
理論社,怖い話
理論社,よわむしおばけ
理論社,おかしのくにのプリンちゃん
理論社,どうぶつ絵本
理論社,理論社版新しい絵本
理論社,パンダのポンポン
理論社,たまごやき
理論社,ショートセレクション
理論社,３分後にゾッとする話
理論社,みけねえちゃんにいうてみな
理論社,本屋さんのルビねこ
理論社,ヌラリヒョン・パパにまかせなさい！
理論社,りっぱな犬になる方法
理論社,理論社のようねんどうわ
理論社,絵本「クマのパディントン」シリーズ
理論社,王さま
理論社,新・王さまえほん
理論社,３分後にゾッとする話世界
理論社,西遊後記
理論社,ホンこわ！
理論社,妖怪一家九十九さん
理論社,西遊記
理論社,ともだちは海のにおい
理論社,まどみちおの絵本
瑞雲舎,翻訳絵本シリーズ
白夜書房,白夜ムック
白泉社,ＭＯＥのえほん
白泉社,ノラネコぐんだん
白泉社,ＭＯＥ　ＢＯＯＫＳ
白泉社,こどもＭＯＥのえほん
白泉社,Ｍｏｅ　ｂｏｏｋｓ
白泉社,ｋｏｄｏｍｏｅのえほん
白泉社,コドモエの本
白泉社,コドモエのえほん
福音館書店,かがみのえほん
福音館書店,パディントン
福音館書店,こどものとも絵本
福音館書店,世界傑作絵本シリーズ　オランダの絵本
福音館書店,いきものづくし ものづくし
福音館書店,みつけようかがく
福音館書店,ピーターラビットの絵本
福音館書店,赤毛のゾラ
福音館書店,福音館古典童話シリーズ
福音館書店,てんじつきさわるえほん
福音館書店,幼児絵本ふしぎなたねシリーズ
福音館書店,あそびのこばこ
福音館書店,英語でたのしむ 福音館の絵本
福音館書店,ピーターラビット
福音館書店,福音館創作童話シリーズ
福音館書店,ランドセルブックス
福音館書店,こどものとも年少版劇場
福音館書店,福音館の科学シリーズ
福音館書店,こどものとも日本の昔話１０のとびら
福音館書店,みるずかん・かんじるずかん＜銀の本＞
福音館書店,二年間の休暇
福音館書店,グリムの昔話
福音館書店,安野光雄の絵本
福音館書店,ガリヴァー旅行記
福音館書店,海底二万海里
福音館書店,北の森の十二か月
福音館書店,不思議の国のアリス
福音館書店,びじゅつのゆうえんち
福音館書店,ハイジ
福音館書店,ピーターラビットの絵本　１
福音館書店,かがくのとも特製版
福音館書店,こどものとも劇場
福音館書店,０．１．２．えほん
福音館書店,谷川俊太郎の科学絵本
福音館書店,ばばばあちゃんの絵本
福音館書店,かがくのとも傑作集　どきどきしぜん
福音館書店,エルマーとりゅう
福音館書店,みぢかなかがく
福音館書店,おでかけばいばいのほん
福音館書店,魔女の宅急便
福音館書店,ブルーナのうたこさんのえほん
福音館書店,西遊記
福音館書店,ブルーナのゆかいななかま
福音館書店,タンタンの冒険旅行
福音館書店,みるずかん・かんじるずかん＜金の本＞
福音館書店,世界傑作童話シリーズ
福音館書店,かがくのほん
福音館書店,タンタンの冒険
福音館書店,語りつぐ人びと
福音館書店,かがくのとも傑作集　わいわいあそび
福音館書店,福音館のペーパーバック絵本
福音館書店,ブルーナの絵本
福音館書店,こどものともコレクション
福音館書店,世界傑作絵本シリーズ　アメリカの絵本
福音館書店,みるずかん・かんじるずかん　金の本
福音館書店,安野光雅の絵本
福音館書店,あーんあんの絵本
福音館書店,福音館の単行本
福音館書店,こどものともセレクション
福音館書店,福音館あかちゃんの絵本
福音館書店,幼児絵本シリーズ
福音館書店,福音館のかがくのほん
福音館書店,創作童話シリーズ
福音館書店,いやだいやだの絵本
福音館書店,かがくのとも傑作集
福音館書店,世界傑作絵本シリーズ　カナダの絵本
福音館書店,かがくのとも絵本
福音館書店,福音館の科学の本
福音館書店,ブルーナのたのしいべんきょう
福音館書店,だるまちゃんの絵本
福音館書店,日本傑作絵本シリーズ
福音館書店,ぐりとぐら
福音館書店,くまくんの絵本
福音館書店,子どもがはじめてであう絵本
福音館書店,世界傑作絵本シリーズ
福音館書店,たくさんのふしぎ傑作集
福音館書店,もりのおくりもの
童心社,ほのぼの新美南吉ランド
童心社,絵本ぼくたちこどもだ
童心社,絵本・ちいさななかまたち
童心社,ピーマン村のおともだち
童心社,怪談レストラン
童心社,かわいいいきもののえほん
童心社,童心社のかみしばい
童心社,世界のおはなし傑作選
童心社,かみしばいなぜ？どうして？たのしい行事
童心社,まついのりこ・かみしばいひろがるせかい
童心社,ぴよぴよシリーズ
童心社,１４ひきのシリーズ
童心社,ことばとからだであそぼう！　かみしばい２・３歳児のふれあいあ
童心社,食育かみしばいおいしいね、うれしいね！
童心社,あかちゃんかみしばい
童心社,みんないっしょに、うれしいな！
童心社,ピーマン村の絵本たち
童心社,年少向けおひさまこんにちは
童心社,おひさまこんにちは年少向
童心社,ともだちだいすき
童心社,２０２１年度定期紙芝居　年少向け　おひさまこんにちは
童心社,２０２１年度定期紙芝居　ともだちだいすき
童心社,かこさとし・からだの本
童心社,怪談レストランナビ
童心社,いきもの　みーつけた
童心社,五味太郎　おでかけシリーズ
童心社,わらべうたでひろがるあかちゃん絵本
童心社,そうべえ
童心社,童心社の絵本
童心社,たばたせいいちの絵本
童心社,むしのたまごシリーズ
童心社,かこさとしからだの本
童心社,ももんちゃんあそぼう
童心社,おひさまこんにちは
童心社,シートン動物記
童心社,絵本・こどものひろば
童心社,どうぶつ絵本
童心社,ちいさなしかけえほん
童心社,のりものしかけえほん
童心社,たのしいいちにち
童心社,ちいさないきものずかん
童心社,くれよんのくろくん
童心社,あかちゃんととととと
童心社,どーんとやさい
童心社,日中韓平和絵本
童心社,若い人の絵本
童心社,ちいさな〈せなけいこ・おばけえほん〉
童心社,松谷みよ子民話珠玉選
童心社,童心社のベスト紙芝居
童心社,はんぴらり！＜増補新版＞
童心社,てんじつきさわるえほん
童心社,松谷みよ子あかちゃんの本
童心社,よんでよんでのえほん
童心社,せなけいこおばけえほん
童心社,雨ふる本屋
童心社,あかちゃんのおいしい本
童心社,とことこえほん
童心社,おいしいともだち
童心社,ふうとはなの絵本
童心社,母と子のえほん
童心社,いしかわこうじしかけえほん
童心社,松谷みよ子むかしむかし
童心社,かわいいむしのえほん
童心社,あいさつしかけえほん
童心社,怪談オウマガドキ学園
童心社,ももんちゃん
童心社,絵本・ぼくたちこどもだ
童心社,復刊傑作絵本ことばと詩のえほん
童心社,松谷みよ子おはなし珠玉選
童心社,かみしばい世界の名作劇場
童心社,ばななせんせいのほん
童心社,せとうちたいこさんシリーズ
童心社,馬場のぼる　へんてこあそびえほん
童心社,１４ひきのポケットえほん
童心社,童心社のおはなしえほん
童心社,絵本こどものひろば
童心社,猫町ふしぎ事件簿
童心社,怪談・オウマガドキ学園＜図書館版＞
童心社,ハートウッドホテル
童心社,クローバーと魔法動物
童心社,まついのりこかみしばいひろがるせかい
童心社,シェーラ姫の冒険＜愛蔵版＞
童心社,新シェーラ姫の冒険＜愛蔵版＞
童心社,性とからだの絵本
童心社,かんぱい！
童話屋,あかちゃん絵本
童話屋,ねずみのほん
童話屋,美しい数学
童話館出版,こぶたくんのおはなしシリーズ
竹書房,学校のコワイうわさ　新・花子さんがきた！！
竹書房,まほうのレシピ
竹書房,ディズニーデラックス絵本
竹書房,ディズニー・アニメ・デラックス絵本
竹書房,マインクラフト難破船と人魚の秘密
竹書房,マインクラフト
絵本塾出版,創作絵本
絵本塾出版,いきるよろこびシリーズ
絵本塾出版,北の森の動物たちシリーズ
絵本塾出版,いきるよろこび
絵本塾出版,翻訳絵本
絵本塾出版,シリーズれきしをまなぶ
絵本塾出版,創作えほん
美術出版社,ミッフィー
群羊社,たべもの・食育絵本
自由国民社,地雷撤去キャンペーン絵本シリーズ
至光社,国際版絵本
至光社,至光社ブッククラブ国際版絵本
至光社,ブッククラブ
致知出版社,心に響く小さな５つの物語
草思社,声に出して読みたい・こどもシリーズ
草炎社,そうえん社写真のえほん
草炎社,大草原の小さな家
草炎社,ケロちゃんえほん
草炎社,しぜんといっしょ
草炎社,そうえんしゃ日本のえほん
西東社,ミラクルラブリー・感動のどうぶつ物語
西東社,ミラクルきょうふ！本当に怖いストーリーＤＸ
西東社,ミラクルラブリー感動のどうぶつ物語
西東社,ミラクルきょうふ！怖いストーリーＭＥＧＡ
西東社,ミラクルハッピー☆希望のどうぶつ物語
西東社,５分後に起こる恐怖世にも奇妙なストーリー
西東社,ミラクルきょうふ！本当に怖いストーリー
西東社,おんなのこのめいさくだいすき全２５話
西東社,ミラクルきょうふ！本当に怖い話
視覚デザイン研究所,視覚デザインのえほん
視覚デザイン研究所,どうぶつ絵本
視覚デザイン研究所,のりものえほんシリーズ
視覚デザイン研究所,はたらくくるまシリーズ
解放出版社,エルくらぶ
評論社,ふしぎだな？　知らないこといっぱい
評論社,絵本の部屋しかけ絵本の本棚
評論社,指輪物語
評論社,児童図書館・文学の部屋
評論社,評論社の児童図書館・絵本の部屋
評論社,児童図書館・絵本の部屋
評論社,コロちゃん
評論社,絵本の部屋・しかけ絵本の本棚
評論社,嵐の守り手
評論社,クロニクル千古の闇
評論社,魔笛の調べ
評論社,バイキングのビッケシリーズ
評論社,児童図書館絵本の部屋
誠文堂新光社,笑本おかしばなし
講談社,シュガー・ラッシュ
講談社,はたらく細胞
講談社,名探偵夢水清志郎の事件簿
講談社,マリー・アントワネット物語
講談社,若草物語
講談社,お嬢様探偵ありす
講談社,ほんとうにあった
講談社,南総里見八犬伝
講談社,トキメキ・図書館
講談社,キミマイ
講談社,泣いちゃいそうだよ高校生編
講談社,戦国武将物語
講談社,夜カフェ
講談社,はたらくくるま
講談社,秘密のチャイハロ
講談社,たの幼ＴＶデラックス
講談社,バーバパパ
講談社,ディズニーしかけミニえほん
講談社,プラレール
講談社,ディズニー　もう引き返せない　ホーンテッドマンション
講談社,トイ・ストーリー
講談社,温泉アイドルは小学生！
講談社,化け猫落語
講談社,はいからさんが通る
講談社,命をつなげ！ドクターヘリ
講談社,悪魔召喚！
講談社,霧のむこうのふしぎな町
講談社,金田一くんの冒険
講談社,これが恋かな？
講談社,少年少女古典文学館＜２１世紀版＞
講談社,２１世紀版少年少女日本文学館
講談社,宮沢賢治童話集
講談社,新・のりものアルバム
講談社,海色のＡＮＧＥＬ
講談社,氷の上のプリンセス
講談社,龍神王子！－ドラゴン・プリンス－
講談社,黒魔女の騎士ギューバッド
講談社,盲導犬
講談社,パティシエ☆すばる
講談社,生きている
講談社,６年１組黒魔女さんが通る！！
講談社,クレヨン王国
講談社,講談社ＭＯＯＫ　テレビマガジンデラックス　２５２
講談社,講談社おともだちシールブック
講談社,いないいないばあっ！
講談社,スポンジ・ボブ
講談社,講談社アニメ絵本
講談社,ブルーナのおはなしちえあそび
講談社,講談社のアルバムシリーズ　知育アルバム
講談社,講談社ＭＯＯＫ　テレビマガジンＭＯＯＫ
講談社,テレビマガジンＭＯＯＫ
講談社,講談社ＭＯＯＫ　アニアアニマルアドベンチャー
講談社,おと幼ムック
講談社,たの幼テレビデラックス
講談社,こんちゅうずかん
講談社,ディズニーゴールド絵本ベスト
講談社,若おかみは小学生！
講談社,げんきスーパーかんさつ絵本
講談社,源氏物語
講談社,講談社のアルバムシリーズ　どうぶつアルバム
講談社,講談社Ｍｏｏｋ　講談社ポケット百科シリーズ
講談社,イケバナ男子！
講談社,シンデレラガール
講談社,ディズニーシール絵本
講談社,ガンダム
講談社,ミニオンズ
講談社,絵本・ムーミン谷から
講談社,バーバパパのちいさなおはなし
講談社,ディズニー_Ｌｉｔｔｌｅ　Ｆｉｒｓｔ　Ｌｏｏｋ　ａｎｄ　Ｆｉｎｄ
講談社,ムーミン全集＜新版＞
講談社,Ｘ－０１エックスゼロワン
講談社,死神うどんカフェ１号店
講談社,ディズニー幼児絵本
講談社,講談社ＭＯＯＫ
講談社,スーパー戦隊
講談社,ゴジラ
講談社,たのしい幼稚園かんさつ絵本シリーズ
講談社,講談社の絵本
講談社,ムーンヒルズ魔法宝石店
講談社,講談社のテレビ絵本
講談社,おともだちスーパーワイド百科
講談社,おともだちドリルブック
講談社,おともだちおでかけミニブック
講談社,日曜日シリーズ
講談社,プリキュア
講談社,うみのとしょかん
講談社,ディズニー　みんなが知らない
講談社,ディズニープリンセスビギナーズ
講談社,ディズニープリンセス
講談社,小学生のヒミツ
講談社,がっこうのおばけずかん
講談社,おばけずかん
講談社,講談社のおふろえほん
講談社,ねこの町の
講談社,すみっコぐらしのことわざ１０８
講談社,どうぶつアルバム
講談社,のりものアルバム
講談社,ディズニー
講談社,リトルプリンセス
講談社,パセリ伝説～水の国の少女～
講談社,タイムスリップ探偵団
講談社,黒魔女さんが通る！！
講談社,怪盗クイーン
講談社,アナと雪の女王
講談社,ブルーナの１歳からの本
講談社,プラレール_のりものアルバム
講談社,ディズニー_Ｌｏｏｋ　ａｎｄ　Ｆｉｎｄ
講談社,新ディズニーゴールド絵本
講談社,にじいろのさかなブック
講談社,ちいさな絵童話りとる
講談社,泣いちゃいそうだよ
講談社,ノーベル
講談社,ディズニーゴールド絵本
講談社,ディズニースーパーゴールド絵本
講談社,ディズニー_ＦＵＮ　ＴＯ　ＦＩＮＤ　ＢＯＯＫ
講談社,講談社の動く図鑑ＭＯＶＥ
講談社,メルちゃん
講談社,すみっこ★読書クラブ
講談社,ねこやなぎ食堂
講談社,学園ファイブスターズ
講談社,すみっコぐらし
講談社,浜村渚の計算ノート
講談社,ルドルフ
講談社,西郷隆盛
講談社,世界の絵本
講談社,ミッフィー
講談社,アベンジャーズ
講談社,ディズニーブックス
講談社,講談社がくしゅう絵本
講談社,齋藤孝のイッキによめる！名作選小学
講談社,獣の奏者
講談社,シリーズ子どもたちの未来のために
講談社,ディズニー名作ゴールド絵本
講談社,都会－まち－のトム＆ソーヤ
講談社,大型版あらしのよるにシリーズ
講談社,〈愛蔵本〉シリーズあらしのよるに
講談社,読む・知る・話すほんとうにあったお話
講談社,講談社のおはなし絵本箱
講談社,生活向上委員会！
講談社,妖界ナビ・ルナ
講談社,ＤＡＹＳ
講談社,劇部ですから！
講談社,アイドル・ことまり！
講談社,新・妖界ナビ・ルナ
講談社,おしゃれプロジェクト
講談社,１３歳は怖い
講談社,齋藤孝のイッキによめる！
講談社,ＢＣキッズ
講談社,リカちゃん
講談社,進撃の巨人ゲームブック
講談社,ガーディアンズ・オブ・ギャラクシー
講談社,つるばら村
講談社,レッツ
講談社,トミカ
講談社,ディズニーえほん文庫
講談社,Ｌ・ＤＫ　柊聖’Ｓ　ＲＯＯＭ
講談社,おさるのジョージ_講談社おともだちシールブック
講談社,探偵チームＫＺ事件ノート
講談社,進撃の巨人
講談社,七つの大罪－外伝－
講談社,ＫＺ’　Ｄｅｅｐ　Ｆｉｌｅ
講談社,天－あめ－と地－つち－の方程式
講談社,スター・ウォーズエピソード
講談社,陰山英男の読書が好きになる名作
講談社,ちいさなプリンセス　ソフィア
講談社,講談社の名作絵本
講談社,機界戦隊ゼンカイジャー
講談社,ｎｉｃｋｅｌｏｄｅｏｎ
講談社,シンデレラ
講談社,おばけずかんアニメえほん
講談社,陰陽師東海寺迦楼羅の事件簿
講談社,ゼツメッシュ！
講談社,魔女怪盗ＬＩＰ☆Ｓ
講談社,千紘くんは、あたし中毒－ホリック－。
講談社,ばかみたいって言われてもいいよ
講談社,笑わない王子と恋愛カガク部
講談社,げんきのえほん
講談社,ルパン
講談社,カッコウの許嫁
講談社,ましろのおと
講談社,信長とぼくと戦国大運動会
講談社,好きって言って！
講談社,呪イアツメ
講談社,毒舌執事とシンデレラ
講談社,両想いになりたい
講談社,げんきＭＯＯＫ
講談社,今日から死神やってみた！
講談社,ポレポレ日記－ダイアリー－
講談社,サンリオ
講談社,シリーズあらしのよるに
講談社,ブルーナのアイディアブック
講談社,ディズニー_Ｄｉｓｎｅｙ　ｉｎ　Ｐｏｃｋｅｔ
講談社,子どもとお母さんのためのお話
講談社,講談社の年齢で選ぶ知育絵本
講談社,あらしのよるにシリーズ
講談社,講談社の翻訳絵本
講談社,げんきピース
講談社,魔女学校物語
講談社,炎炎ノ消防隊
講談社,ふしぎ古書店
講談社,ジャングル・ブック
講談社,千里眼探偵部
講談社,七時間目
講談社,歴史人物ドラマ
講談社,恐怖のむかし遊び
講談社,げんきの絵本
講談社,秘密の花園
講談社,近くて遠くて、甘くて苦い
講談社,三国志
講談社,佐野洋子の絵本
講談社,講談社の創作絵本ｂｅｓｔ　ｓｅｌｅｃｔｉｏｎ
講談社,ムーミン
講談社,仮面ライダー
講談社,講談社の創作絵本
講談社,講談社の幼児えほん
講談社,ウルトラマン
講談社,キャプテン
講談社,シートン動物記
講談社,吾輩は猫である
講談社,講談社のバーバパパえほん
講談社,次郎物語
講談社,トットちゃん
講談社,名探偵夢水清志郎事件ノート
講談社,ライト兄弟
講談社,坂本竜馬
講談社,伊達政宗
講談社,聖書物語
講談社,坊っちゃん
講談社,名探偵ホームズ
講談社,えほん百科シリーズ
講談社,講談社のアルバムシリーズ
講談社,ディズニームービーブック
講談社,恋とポテトと
講談社,ディズニーランド防衛部
講談社,きみと１００年分の恋をしよう
講談社,おさるのジョージ
講談社,ブルーナのしかけえほん
講談社,兄が３人できまして
講談社,保健室経由、かねやま本館。
講談社,スパイダーマン
講談社,東京ディズニーランド絵本
講談社,図書館Ｂ２捜査団
講談社,講談社ポケット百科シリーズ
講談社,リカちゃん_たの幼ＴＶデラックス
講談社,リカちゃん_たの幼テレビデラックス
講談社,怪奇漢方桃印
講談社,生徒会マル秘レポート
講談社,モモちゃんとアカネちゃん
講談社,創作絵本
講談社,大中小探偵クラブ
講談社,講談社Ｍｏｏｋ　講談社のテレビ絵本
講談社,ディズニーブックス　ディズニーシール絵本
講談社,五等分の花嫁
講談社,講談社の動く図鑑ＭＯＶＥ　ｍｉｎｉ
講談社,聲の形
講談社,あかちゃんのための絵本
講談社,美少女戦士セーラームーン
講談社,七転びダッシュ！
講談社,エトワール！
講談社,真田十勇士
講談社,ディズニー_Ｌｏｏｋ　ａｎｄ　ＦＩＮＤ
講談社,神様の救世主
講談社,少年Ｈ
講談社,ディズニーベビープーえほん
講談社,ディズニー物語絵本
講談社,カードキャプターさくら
講談社,ＳＴＡＲ　ＷＡＲＳ
講談社,はりねずみのルーチカ
講談社,赤毛のアン
講談社,パスワード
講談社,バーバパパえほん
講談社,ＰＵＩ　ＰＵＩ　モルカー
講談社,りりかさんのぬいぐるみ診療所
講談社,講談社のテレビえほん
講談社,オリエント
講談社,ハローキティ_げんきのえほん
講談社,ＳＨＡＭＡＮＫＩＮＧ
講談社,弱肉強食オンライン
講談社,放課後ネームゲーム
講談社,ディズニー_Ｄｉｓｎｅｙ　ｂａｂｙ
講談社,マザー・テレサ
講談社,藤白くんのヘビーな恋
講談社,ミスタードーナツえほん
講談社,決定版１０１シリーズ
講談社,ドンブラザーズ
講談社,知育アルバム
講談社,それは正義が許さない！
講談社,怪盗クイーンはサーカスがお好き
講談社,ストーリーブック
講談社,金田一少年の事件簿
講談社,ゆずのどうぶつカルテ
講談社,ママは十二さい
講談社,リカちゃん_講談社ＭＯＯＫ
講談社,講談社テレビ絵本
講談社,もしも、この町で
講談社,シルバニア
講談社,ティガ・ダイナ＆ウルトラマンガイア
講談社,ディズニー_ＦＩＮＤ　ＢＯＯＫ
講談社,どうぶつのかぞく
講談社,ゲゲゲの鬼太郎
講談社,ちいかわ
講談社,ハローキティ_講談社ＭＯＯＫ
講談社,人狼サバイバル
講談社,小説午前０時、キスしに来てよ
講談社,作家になりたい！
講談社,ハローキティ
講談社,異能力フレンズ
講談社,おもしろい話が読みたい！
講談社,８人のいとこ
講談社,おかあさんといっしょ
講談社,カタコイ
講談社,アニメ絵本
講談社,恋×１２歳
講談社,どうぶつ絵本
講談社,うたえほんおかあさんといっしょ
講談社,しかけえほん
講談社,講談社のアルバムシリーズ＊のりものアルバムデラックス　のりも
講談社,講談社の動く図鑑ＭＯＶＥの科学えほん
講談社,ふたごに溺愛されてます！！
講談社,ＴＯＫＹＯ　ＮＥＷＳ　ＢＯＯＫＳ
講談社,ブルーピリオド
講談社,名探偵！
講談社,エンマ先生の怪談帳
講談社,ハックルベリー・フィンの冒険
講談社,ＪＳ－ジェイエス－のトリセツ
講談社,バクテン！！
講談社,空想科学「理科」読本
講談社,怪奇警察メイ☆カイ
講談社,おともだちムック
講談社,世々と海くんの図書館デート
講談社,天才謎解きバトラーズＱ
赤ちゃんとママ社,どうぶつ絵本
辰巳出版,バッドガイズ
農山漁村文化協会,つくってあそぼう
金の星社,やさしくわかるびょうきのえほん
金の星社,ふわふわゆびにんぎょうえほん
金の星社,サウルスストリート
金の星社,ＮＨＫオトナヘノベル
金の星社,まほうのじどうはんばいき
金の星社,妖精のパン屋さん
金の星社,小学生まじょ
金の星社,はじめての哲学絵本
金の星社,もっと怖くてふしぎな怪談・都市伝説大事典＜ハンディ版＞
金の星社,大人になっても忘れたくないいもとようこ世界の名作絵本
金の星社,せなけいこのうさぎちゃんえほん
金の星社,ひつじのショーン
金の星社,金子みすゞ詩の絵本
金の星社,怪談５分間の恐怖
金の星社,小さな悪い本
金の星社,怖くてふしぎな都市伝説・迷信大事典
金の星社,はじめての絵本たいむ
金の星社,おはなしノンフィクション絵本
金の星社,はじめてのちずえほん
金の星社,大人になっても忘れたくないいもとようこ名作絵本
金の星社,いもとようこ世界の名作絵本
金の星社,いもとようこの日本むかしばなし
金の星社,虹色ティアラ
金の星社,バンパイア魔界屋リリー
金の星社,ラブ・偏差値
金の星社,魔界屋リリー
金の星社,こどものくに傑作絵本
金の星社,じどうしゃえほん
金の星社,ばけるニャン
金の星社,キャベたまたんてい
金の星社,せんろはつづくシリーズ
金の星社,げんきをつくる食育えほん
金の星社,いもとようこのことわざえほん
金の星社,きょうりゅうが
金の星社,こねこちゃんえほん
金の星社,えほん・こどもの四季
金の星社,絵本のおくりもの
金の星社,くまのがっきやさん
金の星社,きんのほしストーリー絵本
金の星社,ちびまる子ちゃん
金の星社,あかちゃんとおかあさんの絵本
金の星社,音の出る絵本
金の星社,アニメおさるのジョージ
金の星社,メルちゃんちゃん
金の星社,ピングー
金の星社,おでかけ版　恐怖！ おばけやしきめいろブック
金の星社,ひみつのきもちぎんこう
金の星社,日本むかしばなし
金の星社,いもとようこ名作絵本
金の星社,おさるのジョージ
金の星社,アニメおさるのジョージ　ちしきえほん
鈴木出版,ふかふかパズルえほん
鈴木出版,だいすき音えほん
鈴木出版,せなけいこコレクション
鈴木出版,翻訳絵本シリーズ
鈴木出版,チューリップえほんシリーズ
鈴木出版,たんぽぽえほんシリーズ
鈴木出版,ひまわりえほんシリーズ
鈴木出版,えいごのじかん２
鈴木出版,英語を楽しむバイリンガル絵本
銀の鈴社,すずのねえほん
銀の鈴社,小さな詩の絵本
銀の鈴社,銀鈴・絵ものがたり
銀鳥産業,ディズニー
銀鳥産業,トミカ
銀鳥産業,プラレール
長崎出版,Ｃｕｂ　ｌａｂｅｌ
長崎出版,こびとづかん
集英社,ＦＣ６年１組
集英社,ちびまる子ちゃん
集英社,花とつぼみと、きみのこと。
集英社,世にも奇妙な物語
集英社,ひるなかの流星
集英社,通学シリーズ みらい文庫版
集英社,モンスターハンターストーリーズ
集英社,貴族探偵
集英社,生き残りゲームラストサバイバル
集英社,青星学園★チームＥＹＥ－Ｓの事件ノート
集英社,この声とどけ！
集英社,霧島くんは普通じゃない
集英社,僕のヒーローアカデミアＴＨＥＭＯＶＩＥ
集英社,かなわない、ぜったい。
集英社,僕らのハチャメチャ課外授業
集英社,チーム怪盗ＪＥＴ
集英社,放課後ゆ～れい部の事件ファイル
集英社,かぐや様は告らせたい
集英社,恋する図書室
集英社,逃走中　オリジナルストーリー
集英社,スプラッシュ！
集英社,海色ダイアリー
集英社,真田幸村と十勇士
集英社,絶滅世界ブラックイートモンスターズ
集英社,九死一生ゲーム
集英社,てっぺん！
集英社,絶対好きにならない同盟
集英社,源平姫
集英社,二条くんはわたしの執事
集英社,おしりダンディザ・ヤング
集英社,牛乳カンパイ係、田中くん
集英社,地獄先生ぬ～べ～
集英社,少年シャーロックホームズ
集英社,迷宮教室
集英社,おチビがうちにやってきた！
集英社,胸キュンスカッと　ノベライズ
集英社,超胸キュンな話
集英社,プリンシパル
集英社,虹色デイズ
集英社,猛獣学園！アニマルパニック
集英社,放課後、きみがピアノをひいていたから
集英社,パティシエ＝ソルシエ　お菓子の魔法はあまくないっ！
集英社,ウソカレ！？
集英社,鬼滅の刃　ノベライズ
集英社,絶対に見ぬけない！！
集英社,伝記シリーズ
集英社,読書ノート
集英社,絶叫学級
集英社,きみとチェンジ！？
集英社,おしりダンディアドベンチャー
集英社,絵本 まるコジ
集英社,モンスターストライク
集英社,あやかし協定
集英社,おそ松さん
集英社,キャプテン翼
集英社,神さま、事件です！
集英社,たったひとつの君との約束
集英社,天宮家の王子さま
集英社,スターになったらふりむいて
集英社,渚くんをお兄ちゃんとは呼ばない
集英社,甲子園
集英社,実況！空想シリーズ
集英社,キミと、いつか。
集英社,わたしたちのカノン
集英社,戦国城
集英社,戦国ベースボール
集英社,ＯＮＥ　ＰＩＥＣＥ
集英社,思い、思われ、ふり、ふられ
集英社,悪魔のパズル
集英社,桂太の桂馬
集英社,３０秒ですぐコワイ！学校のミジ怪談
集英社,ことばけ！
集英社,恐怖チャンネル
集英社,怪盗ネコマスク
集英社,シートン動物記
集英社,ファーブル昆虫記
集英社,子どものための世界文学の森
集英社,スーパーミラクルかくれんぼ！！
集英社,君に届け
集英社,電車で行こう！
集英社,赤毛のアン
集英社,三国志
集英社,銀河へキックオフ！！
集英社,戦国姫
集英社,絶望鬼ごっこ
集英社,動物たちからのプレゼント
集英社,ひみつの図書館！
集英社,犬たちからのプレゼント
静山社,ハリー・ポッター
静山社,星命体
静山社,色の不思議斉藤洋のゴースト・ストリート
静山社,物語で読むシェイクスピア
静山社,もののけ屋
静山社,悪ガキ７
静山社,ディズニー
静山社,バーティミアス
静山社,ルイスと不思議の時計
静山社,猫のダヤン
静山社,ビースト・クエスト
静山社,パーシー・ジャクソンとオリンポスの神々
静山社,ドラゴンライダー
静山社,十年屋時
風涛社,らいおんｂｏｏｋｓ
飛鳥新社,ドッグマン
高橋書店,はじめてのずかん
高橋書店,こころのふしぎなぜ？どうして？
高陵社書店,こども字本シリーズ
１万年堂出版,よい習慣が身につく絵本
３０３　ＢＯＯＫＳ,グラニフのえほん
Ｃｌｏｖｅｒ出版,みらいの心をつくる絵本
Ｊリサーチ出版,えいごのうた絵本
Ｊリサーチ出版,読み聞かせ英語絵本
Ｊリサーチ出版,英語のうた絵本
ＪＴＢ,ｌｏｎｅｌｙ　ｐｌａｎｅｔ　ｋｉｄｓ
ＪＴＢ,うごくパズル絵本
ＪＴＢ,のりもの
ＪＴＢ,こども絵本　るるぶ学べるさがし絵えほん
ＪＴＢ,たびするプリンセスシリーズ
ＪＴＢ,どうぶつ絵本
ＪＴＢ,こども絵本
ＪＴＢ,こども絵本エルライン
ＪＴＢ,ディズニー
ＪＴＢ,ディズニー_こども絵本
ＫＡＤＯＫＡＷＡ,シートン動物記
ＫＡＤＯＫＡＷＡ,モンスターハンター
ＫＡＤＯＫＡＷＡ,絶体絶命ゲーム
ＫＡＤＯＫＡＷＡ,星にねがいを！
ＫＡＤＯＫＡＷＡ,ファースト・ステップ
ＫＡＤＯＫＡＷＡ,死神デッドライン
ＫＡＤＯＫＡＷＡ,一年間だけ。
ＫＡＤＯＫＡＷＡ,世にも奇妙な商品カタログ
ＫＡＤＯＫＡＷＡ,４ＤＸ！！
ＫＡＤＯＫＡＷＡ,逆転裁判逆転
ＫＡＤＯＫＡＷＡ,ジュニア空想科学読本
ＫＡＤＯＫＡＷＡ,君のとなりで。
ＫＡＤＯＫＡＷＡ,マジック・ツリーハウス
ＫＡＤＯＫＡＷＡ,クマ・トモ
ＫＡＤＯＫＡＷＡ,伝えたい、原爆のこと
ＫＡＤＯＫＡＷＡ,三毛猫ホームズ
ＫＡＤＯＫＡＷＡ,ぼくらの心霊スポット
ＫＡＤＯＫＡＷＡ,あけてびっくり
ＫＡＤＯＫＡＷＡ,プリンセス・ストーリーズ
ＫＡＤＯＫＡＷＡ,魔女犬ボンボン
ＫＡＤＯＫＡＷＡ,プレイボール
ＫＡＤＯＫＡＷＡ,アイスプリンセス
ＫＡＤＯＫＡＷＡ,ここは妖怪おたすけ委員会
ＫＡＤＯＫＡＷＡ,ぼくらの
ＫＡＤＯＫＡＷＡ,角川の集める図鑑ＧＥＴ！
ＫＡＤＯＫＡＷＡ,怪盗レッドＴＨＥＦＩＲＳＴ
ＫＡＤＯＫＡＷＡ,ほっぺちゃん
ＫＡＤＯＫＡＷＡ,ミステリー案内人さんのコワイハナシ
ＫＡＤＯＫＡＷＡ,ＢａｂｙＢｕｓの親子で学べる知育えほん
ＫＡＤＯＫＡＷＡ,ディズニー_角川アニメ絵本
ＫＡＤＯＫＡＷＡ,ウラオモテ世界！
ＫＡＤＯＫＡＷＡ,恐怖コレクター
ＫＡＤＯＫＡＷＡ,超吉ガール
ＫＡＤＯＫＡＷＡ,恋する新選組
ＫＡＤＯＫＡＷＡ,バッテリー
ＫＡＤＯＫＡＷＡ,少女マンガじゃない！
ＫＡＤＯＫＡＷＡ,スイッチ！
ＫＡＤＯＫＡＷＡ,ハルチカ
ＫＡＤＯＫＡＷＡ,らくがき☆ポリス
ＫＡＤＯＫＡＷＡ,本当はこわい話
ＫＡＤＯＫＡＷＡ,告白実行委員会
ＫＡＤＯＫＡＷＡ,ちいさなプリンセスソフィア
ＫＡＤＯＫＡＷＡ,ヴァンパイア大使アンジュ
ＫＡＤＯＫＡＷＡ,たまごっち
ＫＡＤＯＫＡＷＡ,悪夢ちゃん
ＫＡＤＯＫＡＷＡ,幽霊探偵ハル
ＫＡＤＯＫＡＷＡ,少年探偵　響
ＫＡＤＯＫＡＷＡ,アルセーヌ・ルパン
ＫＡＤＯＫＡＷＡ,四つ子ぐらし
ＫＡＤＯＫＡＷＡ,鹿の王
ＫＡＤＯＫＡＷＡ,オバケがシツジ
ＫＡＤＯＫＡＷＡ,レジェンド☆ファイブ
ＫＡＤＯＫＡＷＡ,五年霊組こわいもの係
ＫＡＤＯＫＡＷＡ,0.01
ＫＡＤＯＫＡＷＡ,ぼくたちはプライスレス！
ＫＡＤＯＫＡＷＡ,探偵犬クリス
ＫＡＤＯＫＡＷＡ,未完成コンビ
ＫＡＤＯＫＡＷＡ,サキヨミ！
ＫＡＤＯＫＡＷＡ,ぜったいバレちゃいけません！！！
ＫＡＤＯＫＡＷＡ,サバイバー！！
ＫＡＤＯＫＡＷＡ,新訳・長くつ下のピッピ
ＫＡＤＯＫＡＷＡ,七宮さん家のフシギなおしごと
ＫＡＤＯＫＡＷＡ,こぐまのクーク物語
ＫＡＤＯＫＡＷＡ,ビブリア古書堂の事件手帖
ＫＡＤＯＫＡＷＡ,笑い猫の５分間怪談
ＫＡＤＯＫＡＷＡ,チア☆ダンＲＯＣＫＥＴＳ
ＫＡＤＯＫＡＷＡ,まるごとディズニーブックス
ＫＡＤＯＫＡＷＡ,星のカービィ_キャラぱふぇブックス
ＫＡＤＯＫＡＷＡ,イケカジなぼくら
ＫＡＤＯＫＡＷＡ,怪盗レッド
ＫＡＤＯＫＡＷＡ,アナと雪の女王
ＫＡＤＯＫＡＷＡ,オンライン！
ＫＡＤＯＫＡＷＡ,赤毛のアン
ＫＡＤＯＫＡＷＡ,おもしろい話、集めました。
ＫＡＤＯＫＡＷＡ,ブレイブ・ストーリー
ＫＡＤＯＫＡＷＡ,新訳・ドリトル先生
ＫＡＤＯＫＡＷＡ,角川アニメ絵本
ＫＡＤＯＫＡＷＡ,サッカーボーイズ
ＫＡＤＯＫＡＷＡ,２年Ａ組探偵局
ＫＡＤＯＫＡＷＡ,サクラダリセット
ＫＡＤＯＫＡＷＡ,新訳・ナルニア国物語
ＫＡＤＯＫＡＷＡ,トツゲキ！？地獄ちゃんねる
ＫＡＤＯＫＡＷＡ,地獄たんてい織田信長
ＫＡＤＯＫＡＷＡ,ゲゲゲの鬼太郎おばけ塾
ＫＡＤＯＫＡＷＡ,ネオ里見八犬伝
ＫＡＤＯＫＡＷＡ,ねこまた妖怪伝
ＫＡＤＯＫＡＷＡ,からくり探偵団
ＫＡＤＯＫＡＷＡ,ぼくと先輩のマジカル・ライフ
ＫＡＤＯＫＡＷＡ,たったひとりのサバイバル・ゲーム！
ＫＡＤＯＫＡＷＡ,オン・アイス！！
ＫＡＤＯＫＡＷＡ,映画　すみっコぐらし
ＫＡＤＯＫＡＷＡ,ミステリー列車を追え！
ＫＡＤＯＫＡＷＡ,あおいのヒミツ！
ＫＡＤＯＫＡＷＡ,ぷよぷよ
ＫＡＤＯＫＡＷＡ,世界一クラブ
ＫＡＤＯＫＡＷＡ,メルちゃん
ＫＡＤＯＫＡＷＡ,サンリオ
ＫＡＤＯＫＡＷＡ,ブルーなあたしとピンクなぼく
ＫＡＤＯＫＡＷＡ,理花のおかしな実験室
ＫＡＤＯＫＡＷＡ,時間割男子
ＫＡＤＯＫＡＷＡ,怪狩り
ＫＡＤＯＫＡＷＡ,こちらパーティー編集部っ！
ＫＡＤＯＫＡＷＡ,宮沢賢治童話集
ＫＡＤＯＫＡＷＡ,サッカク探偵団
ＫＡＤＯＫＡＷＡ,パンどろぼう
ＫＡＤＯＫＡＷＡ,ふたごチャレンジ！
ＫＡＤＯＫＡＷＡ,すみっコぐらし
ＫＡＤＯＫＡＷＡ,キャラぱふぇブックス
ＫＡＤＯＫＡＷＡ,ソライロ♪プロジェクト
ＫＡＤＯＫＡＷＡ,いっしょにくらそ。
ＫＡＤＯＫＡＷＡ,ドギーマギー動物学校
ＫＡＤＯＫＡＷＡ,Ｓａｓｓｙのあかちゃんえほん
ＫＡＤＯＫＡＷＡ,モンハン日記
ＫＡＤＯＫＡＷＡ,怪盗探偵山猫
ＫＡＤＯＫＡＷＡ,海斗くんと、この家で。
ＫＡＤＯＫＡＷＡ,ディズニー
ＫＡＤＯＫＡＷＡ,暗号クラブ
ＫＡＤＯＫＡＷＡ,５分で読書
ＫＡＤＯＫＡＷＡ,いみちぇん！
ＫＡＤＯＫＡＷＡ,ないしょのＭ組
ＫＡＤＯＫＡＷＡ,ふたご探偵
ＫＡＤＯＫＡＷＡ,１００年後も読まれる名作
ＫＡＤＯＫＡＷＡ,リラックマ
ＫＡＤＯＫＡＷＡ,Ｓａｓｓｙのちいくえほん
ＫＡＤＯＫＡＷＡ,星のカービィ
ＫＡＤＯＫＡＷＡ,コウペンちゃん
ＫＡＤＯＫＡＷＡ,トップ・シークレット
ＫＡＤＯＫＡＷＡ,シャーロック＝ホームズの思い出
ＫＡＤＯＫＡＷＡ,スキ・キライ相関図
ＫＡＤＯＫＡＷＡ,けものフレンズ
ＫＡＤＯＫＡＷＡ,ディズニーツムツム
ＫＡＤＯＫＡＷＡ,キミト宙ヘ
ＫＡＤＯＫＡＷＡ,ピーターラビット
ＫＡＤＯＫＡＷＡ,モンスターストライク
ＫＡＤＯＫＡＷＡ,ピアノ・カルテット
ＮＨＫ出版,みいつけた
ＰＡＲＣＯ出版,サンリオ
ＰＨＰ研究所,ポケット版 PHPお話シリーズ
ＰＨＰ研究所,たのしいちしきえほん
ＰＨＰ研究所,楽しい調べ学習シリーズ
ＰＨＰ研究所,にこにこえほん
ＰＨＰ研究所,しゅくだい
ＰＨＰ研究所,3分間ノンストップショートストーリー
ＰＨＰ研究所,おひざにおいで
ＰＨＰ研究所,ＰＨＰわたしのえほん
ＰＨＰ研究所,ポケット版迷路絵本
ＰＨＰ研究所,告白プロデュース！
ＰＨＰ研究所,ねむいねむいねずみ
ＰＨＰ研究所,願いを叶える雑貨店黄昏堂
ＰＨＰ研究所,ＰＨＰなないろえほん
ＰＨＰ研究所,学習ポケット図鑑
ＰＨＰ研究所,１０ぴきのかえるの大冒険シリーズ
ＰＨＰ研究所,ＰＨＰにこにこえほん
ＰＨＰ研究所,ジュニア学習ブックレット
ＰＨＰ研究所,本当にあった？恐怖のお話
ＰＨＰ研究所,５４字の物語
ＰＨＰ研究所,青鬼
ＰＨＰ研究所,ＰＨＰとっておきのどうわ
ＰＨＰ研究所,秘密に満ちた魔石館
ＰＨＰ研究所,悪ノ物語
ＰＨＰ研究所,魔女シリーズ
ＰＨＰ研究所,初恋
ＰＨＰ研究所,わははは！ことばあそびブック
ＰＨＰ研究所,パオちゃんの絵本第４集
ＰＨＰ研究所,パオちゃんの絵本第１集
ＰＨＰ研究所,パオちゃんの絵本
ＴＯブックス,本好きの下剋上
ＷＡＶＥ出版,パディントン