,SHOSINM
0,サキヨミ！　トラブルまみれのデート作戦！
1,チャート式解法と演習数学２＋Ｂ　新課程
2,北辰のかこもん　数学　２０２２年度中３北辰テスト過去問題集
3,ぜったいバレちゃいけません！！！　ハッピーエンドはゆずれない！
4,氷の上のプリンセス　シニア編
5,スイッチ！　大キライなはずなのに！？
6,イケメン王子×４は、地味子ちゃんを溺愛したい。　ヒミツの甘々カップル誕生編
7,頭がよくなる！　はじめての寝るまえ１分おんどく
8,ウタイテ！　目指せ、ファンイベント開催！　ヒミツの特訓は溺愛のはじまり
9,サバイバー！！　アテンション、敵のアジトから生還せよ！
10,ほのぼの　どうぶつ　３５ピース
11,海色ダイアリー〜五つ子アイドルと五河の夢〜
12,はらぺこあおむしのエリック・カールと学ぼう　これだけは知っておきたい　こども図鑑
13,ぜったいに　かいちゃダメ？　ラリーのらくがきちょう
14,ひろがるスカイ！プリキュア　ミニパレットぬりえ
15,おチビがうちにやってきた！　動物園で事件！あらたな能力児、あらわる！？
16,先生は教えてくれない！クレヨンしんちゃんの折れない心をつくる本
17,星のカービィ　プププヒーロー　プププランド最大の事件！！編
18,メイクアップぬりえ　キュートポップコレクション
19,ぺんたと小春のめんどいまちがいさがし　ＢＩＧ
20,じんせいさいしょの
21,四字熟語がわかる　ドラえもんの国語おもしろ攻略
22,学研の科学　大図鑑プロジェクター　世界とつながるほんもの体験キット
23,たのしくあそぼう！どうぶつシールブック
24,ポケモンずかんドリル　小学３年生　かけ算・わり算
25,小説　魔入りました！入間くん　問題児でいこうぜ
26,きみのこころをつよくする　えほん
27,こうじのくるま　たのしいしかけえほん
28,いつか、眠りにつく日
29,るるぶマンガとクイズで楽しく学ぶ！日本の歴史人物伝
30,新装版　ようちえんのせんせいがえらんだ　たのしいどうようえほん
31,ＴＶアニメ　ブルーロック　スペシャルトランプブック
32,大学受験案内　２０２４年度用　大学・短大・大学院総合ガイド
33,世にも奇妙な商品カタログ　取り消せるこづかい帳・生まれ変わりタマゴ他
34,ポケモンクイズパズルランド　ピカチュウたんけんたい
35,勇者たちの中学受験　わが子が本気になったとき、私の目が覚めたとき
36,小説　ゆずのどうぶつカルテ　こちら　わんニャンどうぶつ病院
37,九死一生ゲーム　都庁パニック！東京の未来を救え
38,おさるのジョージ　ちがうのどれだ？
39,新装版　どうぶつえあわせ　ぴったりカード
40,ディズニーガールズと　いっしょに　おふろで　あいうえお　アルファベットひょうつき
41,絶望鬼ごっこ　街をむしばむ地獄計画
42,すずのまたたびデイズ　テレビ局で事件発生！？
43,転生したらスライムだった件　転生　漢字ドリル
44,星のカービィ　プププナゾトレブック
45,るるぶ　歴史人物かるた
46,ひらめきゲット！　Ｌｅｔ’ｓ　ポケなぞ！！
47,おかあさんといっしょ　おうたで　わーい！
48,青星学園★チームＥＹＥーＳの事件ノート　〜お姫さまは恋なんてしない！？　レオと約束のドレス〜
49,放課後★七不思議！　イケメンたちが優結を救う！？涙と笑顔のハッピーエンド
50,ちびちびうさまる　くまさんといっしょ
51,名探偵コナンの探究ファイル　小学生のうちに知っておきたい世界のこと
52,ポケットモンスター　クイズ＆おあそびＢＯＯＫ
53,みがいてあげる
54,しりながおばけ
55,探偵ハイネは予言をはずさない　デートタイム・ミステリー
56,ドラえもん社会ワールド　社会が楽しくなる！　都市とまちづくりの未来
57,音と光のでる絵本　スイッチくるくる
58,青星学園★チームＥＹＥーＳの事件ノート　翔太の熱い体育祭！ハチマキにこめた気持ち
59,マインクラフトさんすう・プログラミング学習ドリル　マインクラフトで冒険しながら理数系が学べる学習ドリ
60,花とつぼみと、きみのこと。　だいじな想いの咲かせかた
61,ナゾトキ・ハンター　ヒマラヤを守る猿の王
62,それでもがんばる！　どんまいないきもの図鑑ＤＸ
63,まいにち１分学習おんどく３６６　みるみる成績アップ！
64,山川詳説日本史図録　『詳説日本史』（日探７０５）準拠
65,すみっコぐらしをさがせ　あつまるとあんしんです編
66,ゆめみる　おひめさま図鑑
67,大迫力！戦慄の都市伝説大百科
68,ひろがるスカイ！プリキュアスマホがたおしゃべりえほん
69,小説　魔入りました！入間くん　アクドルくろむちゃんとアメリの決断
70,ポケモンずかんドリル　小学１年生　たしざん・ひきざん
71,うちゅう
72,日本のスゴイいきもの図鑑　海、山、川、街ｅｔｃ．で懸命に生きる固有種の話
73,ゆるゆる昆虫図鑑
74,５分後に意外な結末ｅｘ　亜麻色の糸で紡がれた物語
75,きみも運転手になれる！　パノラマずかん　運転席
76,タッチペンでいっぱいあそべる！まいにちのことばずかん１５００　英語つき
77,かぼちゃスープのおふろ
78,ドラゴンドリル　小４漢字のまき　どんどん進めたくなる！めざせ！小４の漢字マスター
79,ほねほねザウルス　パーフェクト図鑑
80,関正生の英文法ポラリス　基礎レベル０
81,ドラえもん探究ワールド　縄文も古墳も！　びっくり先史時代
82,ごみしゅうしゅうしゃの　ぽいすけくん
83,がっこうのおばけずかん　おちこくさま
84,新装版　のりものえあわせ　ぴったりカード
85,おもしろい話、集めました。Ｎ
86,どうか、キミの笑顔にもう一度会えますように。
87,まじょねこマーニャ　まほうのゆびわ
88,マンガ・クイズつき『桃太郎電鉄』で学ぶお金・経済のしくみ攻略
89,やぎさんのさんぽ
90,ちいかわえほん　サク　モグ　ごくん
91,どこ　どこ？　ねどこ
92,かいけつゾロリ　きょうりゅうママをすくえ！
93,なりたいアナタにプロデュース。　あたしのスキは、キミにきめた！
94,大迫力！日本の地獄大百科
95,迷宮教室　裏切りの「友達処刑ゲーム」
96,星のカービィ　刹那の見斬りで悪を断て！
97,生き残りゲーム　ラストサバイバル　かせぐが勝ちの学園生活！　サバイバルポイント
98,おもしろい話、集めました。Ｗ
99,やばい、可愛すぎ。
100,科学探偵　ｖｓ．超・自然現象（後）
101,都会－まち－のトム＆ソーヤ　トムｖｓ．ソーヤ
102,ひろがるスカイ！プリキュア　きせかえマグネットえほん
103,東大王からの挑戦！　めざせ子ども東大王　最強クイズ
104,ミオととなりのマーメイド　つながる心でラストマジック！
105,歴史ゴーストバスターズ　おまもりのクシと二人のきずな
106,きみと１００年分の恋をしよう　きみと歩く未来
107,物理重要問題集物理基礎・物理　実戦２０２３
108,頂上決戦！異種最強生物　オールスター大決戦
109,ドラゴンドリル　都道府県のまき　どんどん進めたくなる！めざせ！都道府県マスター　学
110,４〜６歳　ひらがな
111,小学生のうちに覚えておくといいことカルタ
112,プリキュアオールスターズ　さがして！プリキュア
113,ふたごチャレンジ！　ココロ揺らめく遊園地！？
114,英単語ターゲット１９００　Ｂｒｉｇｈｔ　２０２３
115,二条くんはわたしの執事　ダンスパーティーで運命の告白！？
116,共通テスト予想問題パック　２０２３年用
117,青鬼　調査クラブ　怪物を従えた少女と激突せよ！
118,天宮家の王子さま　メイドのわたしのバレンタイン計画！
119,ヴァンパイア・溺愛パラダイス
120,ねこさんのってくださーい　ワクワクがめばえる
121,北辰のかこもん　国語　２０２２年度中３北辰テスト過去問題集
122,花
123,ちいリベ　クリアファイルブック
124,超復刻版　タローマンかるた
125,プリキュアオールスターズプリキュアいっぱいミニずかん
126,キャラぱふぇブックス　ちいかわ　なぞなぞブック
127,戦国姫　徳川家康と運命の姫君たち　於大の方、瀬名姫ほか
128,きみがいるからおもしろい　こんなこいるかな
129,告白したのは、君だから。　かんちがいから始まるホントの恋
130,マインクラフト３つの試練
131,パウ・パトロールをさがせ！
132,学習ドリル　マインクラフトで学ぶプログラミング　小学３・４年
133,図解大事典　ドラゴン
134,ティンクル・セボンスター　アンナと宝石の国の女王様
135,いちねんじゅうおばけずかん　ハロウィンかぼちゃん
136,じゃがりこバスボール　りんごのかおり
137,虹の島のお手紙つき　アメジスト編　大切な気持ち
138,絶望鬼ごっこ　街をとりもどす地獄革命
139,いちねんせいえほん　はじめての「よのなかルールブック」
140,エトワール！　コンテの世界へようこそ！
141,迷宮教室　正解不可能！？　親友をぜったいきらいになるクイズ
142,小学館世界Ｊ文学館
143,ポケモンずかんドリル　小学２年生　かん字
144,いちじくのはなし
145,はたらくくるま
146,すごすぎる天気の図鑑　雲の超図鑑
147,めくってあそぼう！しかけえほん　シナぷしゅ
148,アニメおさるのジョージ　わくわく　ドキドキ　すごろく
149,きゅん恋？あこがれ両想い　５つ
150,チャート式基礎からの数学２＋Ｂ　新課程
151,ＨＩＭＡＷＡＲＩちゃんねる　まーちゃん＆おーちゃんをさがせ！！
152,２０２３年入試用重大ニュース　時事問題に強くなる本　中学・高校入試
153,プリンセス・スノーとユニコーン
154,サイレンカー　だいずかん　６５ピース
155,ぐいーん！　こうしょさぎょうしゃ
156,だいすきだよ　きょうも　いつまでも
157,きょうりゅうかくれんぼ
158,時間割男子　ヒミツにせまる動物園！
159,ポケモンずかんドリル　小学２年生　たし算・ひき算
160,ちいかわえほん　おつかれラーメン
161,理花のおかしな実験室　ふくらむナゾの答えをさがせ！
162,まいぜんシスターズのまちがいさがしＢＯＯＫ
163,ウルトラヒーローｖｓ．ウルトラかいじゅう　だいけっとう！　マグネットＢＯＸ
164,明解歴史総合図説シンフォニア初訂版
165,妖怪捕物帖乙　冥界彷徨篇　無間地獄は阿鼻の闇４
166,海色ダイアリー　五つ子アイドルもワクワク！　結亜と四季のファッションショー
167,大きなパンダと小さなドラゴン
168,ふしぎ駄菓子屋　銭天堂
169,どっちが強い！？からだレスキュー　免疫バトル編
170,渚くんをお兄ちゃんとは呼ばない　〜これからも大好き〜
171,るるぶマンガとクイズで楽しく学ぶ！宇宙
172,映画ドラえもん　のび太と空の理想郷シールおあそびえほん
173,ドラゴンドリル　小４計算のまき　どんどん進めたくなる！めざせ！小４の計算マスター
174,ひろがるスカイ！プリキュア　ひらがなカタカナドリル
175,こども歳時記かるた
176,絶対好きにならない同盟　〜初恋の人と今、好きな人〜
177,北辰のかこもん　理科　２０２２年度中３北辰テスト過去問題集
178,しょうぼうしゃしゅつどう！　たのしいしかけえほん
179,ポケモンずかんドリル　小学２年生　かけ算
180,女の子おりがみ
181,くるくるまわる！ビーだまビッグコースター
182,ウタイテ！
183,いないいないばあっ！　おうたで　わーい！
184,妖怪最強王図鑑フィギュア
185,総長さま、溺愛中につき。（仮）
186,ひろがるスカイ！プリキュア　こうさくドリル
187,学校では教えてくれない大切なこと　デザインのすごい力
188,四つ子ぐらし　四ツ橋家で勝負の時！
189,いますぐ名探偵　犯人をさがせ！　ワハハ小学校編
190,ドラゴン超絶バトル大図鑑
191,高校入試　１５時間完成　英語長文【実戦】
192,にじいろフェアリーしずくちゃん　７つのストーンのひみつ
193,マンガでわかる！　１０才までに覚えたい百人一首
194,人狼サバイバル　暗中模索！　小学校の人狼ゲーム
195,星のカービィ　まんぷく、まんまる、グルメフェス！
196,人類の物語　Ｕｎｓｔｏｐｐａｂｌｅ　Ｕｓ　ヒトはこうして地球の支配者になった
197,でるでる！おばけちゃん
198,本当はこわい話　明かされる真実、君は気づけた？
199,数学重要問題集ー数学１・２・３・Ａ・Ｂ（理系）　実戦２０２３
200,鬼滅の刃　キメツ学園！　全集中ドリル　炎の呼吸編
201,小説映画ドラえもんのび太と空の理想郷
202,ピクサーの　なかまと　いっしょに　おふろで　あいうえお　アルファベットひょうつき
203,人体のふしぎ
204,ポコポコクリスマスクッキー
205,ララ姫はときどき☆こねこ　ときめきドレスと、おしゃれ魔女！？
206,ポケモンずかんドリル　小学３年生　漢字
207,鬼滅の刃　キメツ学園！　全集中ドリル　水の呼吸編
208,僕らの未来が変わるお金と生き方の教室　君が君らしく生きるために伝えておきたいこと
209,しんかんせん　だいしゅうごう　５０ピース
210,泣き虫スマッシュ！　がけっぷちのバドミントンペア、はじまる！？
211,きみの鐘が鳴る
212,じごく小学校
213,とにかくかわいいいきもの図鑑
214,４〜６歳　たしざん
215,１日５分でじがかけるほん　ひらがな　２〜６歳　改訂版
216,ひろがるスカイ！プリキュア　おけいこドリル
217,重要古文単語３１５　読んで見て聞いて覚える　四訂版
218,小説　映画　なのに、千輝くんが甘すぎる。
219,願いごとガチャ　願いをかなえるアイテム当たります
220,トミカ　タブレットがた　おしゃべりえほん
221,絶体絶命ゲーム　ねらわれた歌姫を守れ！
222,すしん
223,ゲーム超図かん　はじめてのマインクラフト　サバイバル図かん
224,ＴＶアニメブルーロッククリアファイルブック
225,鬼滅の刃　ノベライズ　〜カナヲと無一郎！　命をかけた闘い編〜
226,あつまれ！　きょうりゅう　３５ピース
227,学校の怪異談　真堂レイはだませない
228,やさしい高校数学（数学２・Ｂ）　はじめての人もイチからわかる　改訂版
229,マンガでよくわかる　ねこねこ日本史＜ジュニア版＞
230,歴史ゴーストバスターズ　歴女失格！？　お泊まり会で大波乱の夏休み！
231,あやし、おそろし、天獄園
232,ぱくぱく　ごくごく　いただきま〜す！
233,ゆるゆる珍獣図鑑
234,サンタさんのぼうし　どこいった？
235,英単語ターゲット１９００　Ｄａｒｋ　２０２３
236,中学受験は算数で受かる
237,どっちが強い！？　動物ｖｓ恐竜　夢の超時空バトル
238,徳川家康へタイムワープ　？！歴史漫画タイムワープシリーズ
239,トンネルのサバイバル
240,おめんで　ばぁ！
241,テーマパークのサバイバル
242,きらきら　ぴかぴか
243,実験対決　火山の対決　学校勝ちぬき戦　実験対決シリーズ　明日は実験王
244,すうじのかくれんぼ
245,こわ〜い空想科学読本　人体発火のナゾを追え
246,どっちが強い！？Ａ　ロボットで入学試験！？
247,どっちが強い！？ガチンコ動物オリンピック編　なんでもＮｏ．１決定戦
248,どっちが強い！？　ピットブルｖｓオオヤマネコ　豪華客船でイヌネコ対決
249,どっちが強い！？Ａ　無人島でロボバトル！
250,すみっコぐらしいっしょにクロスワード
251,正解のない問題集　道徳編
252,こどもずかん　のりもの７７７　英語つき　しゃしんバージョン
253,めくってばあ！
254,最強王キャラ図鑑
255,０さい〜３さい脳そだて　おさかなちゃんとあ〜そ〜ぼ！
256,でんしゃのひらがなれんしゅうちょう　７さいまでに楽しくおぼえる　改訂新版
257,四つ子ぐらし　プレゼントに思いをこめて
258,徳川家康　天下泰平をもたらした将軍
259,きょうりゅう
260,トミカライトペンでしらべろ！トミカのひみつだいずかん
261,マンガでわかる中学英語中１〜３
262,日本の歴史
263,仮面ライダーギーツもじかずちえドリル
264,ウルトラ怪獣ベスト１００あそべるずかん
265,いきもののふしぎはっけん！３６６クイズ
266,高校入試出るナビ英語
267,ＤｉｓｎｅｙツイステッドワンダーランドＭＩＸＥＤシールコレクション＆ミニレター
268,あそべる　ずかん　アニア
269,あつまれ！　トミカ　いっぱいずかん
270,ウルトラ怪獣パワフル大図鑑１００　ウルトラＱ〜ウルトラマンパワード編
271,高校入試出るナビ理科
272,高校入試出るナビ社会
273,アナと雪の女王　アナ雪　きらきら　えほん文庫
274,エルメスのえほん　おさんぽステッチ
275,ジブリの食卓となりのトトロ
276,それいけ！アンパンマン　シールいっぱい！　たべものこれなあにブック
277,おかあさんといっしょファンターネ！ひみついっぱい！シールえほん
278,にじいろの　さかなと　おはなしさん
279,全ウルトラマン　パーフェクト大図鑑　増補改訂
280,ウルトラ怪獣パワフル大図鑑１００　ウルトラマンティガ〜ウルトラマンゼロ編
281,かっても　まけても　いいんだよ
282,はってはがせる！仮面ライダーギーツ超シールバトルロイヤル！
283,ウルトラ怪獣パワフル大図鑑１００　ウルトラマンギンガ〜ウルトラマンデッカー編
284,ウルトラライトペンでちょうさせよ！ウルトラヒーロー＆かいじゅうひみつバトルだいず
285,高校入試出るナビ５科　改訂版
286,キャンディねんどでつくる　つやぷるアクセサリー
287,全仮面ライダー　パーフェクト大図鑑　増補改訂
288,ちびまる子ちゃんの仕事の見つけかた
289,仮面ライダーギーツとあそぼう！
290,仮面ライダーギーツとあそぼう！　レジェンド
291,ピカチュウとあそぼ！　ピカチュウのだいぼうけん　ポケモンおはなし＆おあそびブック
292,乗りもの　新版　鉄道・自動車・飛行機・船
293,チャレンジミッケ！　ポケット版　サンタクロース
294,星のカービィ　ディスカバリー　ほおばれ！シールブック
295,ドラえもん探究ワールド　本の歴史と未来
296,マインクラフト　公式ドリル　さんすう　ステップ２　７ー８才におすすめ　マイクラで楽しく理数系センスを身につける！
297,ドラえもん探究ワールド　ねむりと夢のふしぎ
298,スタジオジブリのヒロインがいっぱい
299,アニメおさるのジョージ　ともだちだーれだ？
300,ワンワンの　パンやさん
301,トムとジェリーをさがせ！　めいさくシーンでおおはしゃぎ
302,ドラえもん科学ワールドｓｐｅｃｉａｌ　みんなのためのデジタル入門
303,ピタゴラじゃんけん装置ＱＲブック　ピタの巻
304,ぷしゅぷしゅの　こんにちは！
305,アニメおさるのジョージ　おやついっぱい
306,小学館版学習まんが日本の歴史（全２０巻セット）
307,てれびくん超ひゃっかシリーズ　ウルトラマンデッカー　デッカー＆ヒーローバトルずかん
308,マインクラフト　公式ドリル　さんすう　ステップ１　６ー７才におすすめ　マイクラで楽しく理数系センスを身につける！
309,日本の歴史　日本文化のあけぼの　旧石器〜縄文〜弥生〜古墳時代
310,ピタゴラじゃんけん装置ＱＲブック　ゴラの巻
311,みかんくんがね・・
312,のりものずかん
313,１０才からの勉強が得意になる方法
314,福岡大学（医学部医学科を除くー一般選抜前期日程）２０２３
315,東海大学（医学部医学科を除くー一般選抜）　２０２３
316,でんしゃずかん
317,専修大学（学部個別入試）　２０２３
318,ごはんもぐもぐいただきま〜す！　とびだすえほん
319,ディズニープリンセスのひみつ１００
320,あおい１ばんのきかんしゃ　トーマスどーこだ？
321,きかんしゃトーマス　キャラクターずかん
322,キクタン【中学英単語】高校入試レベル　聞いて覚えるコーパス英単語　改訂第２版
323,アンパンマンおままごとえほん　おべんとう
324,ノラネコぐんだん　うみのたび
325,クリスマスプレゼントなぁに？
326,ＰＵＩ　ＰＵＩ　モルカー　を　さがせ！
327,ブンブーン！バイキンメカ
328,ウルトラマン大図鑑ハイパー
329,トミカコレクション　２０２３
330,おすしがふくをかいにきた
331,いちごサンタ
332,なにかな？　まる　あかまるの　かたちえほん
333,しんかんせん
334,プラレールコレクション　２０２３
335,ゴーゴー！アンパンマンごう
336,めくってだあれ？
337,黒田長政　戦国人物伝　日本の歴史＜コミック版＞８３
338,徳川家康外伝　最強！三河武士団　戦国人物伝
339,アナと雪の女王まちがいさがし　エルサのプレゼント
340,れいぞうこのそこのそこ　りんごのまほう
341,おばけのやだもん　だいすき！ソフトクリーム
342,５さいからできる　おかね　はじめて編
343,４さいからできる　えいご
344,５さいからできる　プログラミング
345,４さいからできる　しぜんとかがく
346,モチベも点数もめきめきアップ！中学生のおうちノート術
347,ぱんだちゃん
348,Ｚ会小学生わくわくワーク１年生総復習編　２０２２・２０２３年度用　国語・算数・経験
349,愛知県公立高予想テスト　２０２３年度受験用
350,でんしゃが　きた！
351,Ｚ会小学生わくわくワーク５年生総復習編　２０２２・２０２３年度用　国語・算数・理科・社会・英語
352,１日１まい　３０日うんこドリル　ひらがな　小学１年生
353,うんこドリル　たしざん・ひきざんもんだいしゅう編小学１年生　日本一楽しい学習ドリル
354,兵庫県公立高予想テスト　２０２３年度受験用
355,うんこドリル　小学１ー６年生の全漢字
356,東進共通テスト実戦問題集英語［リーディング］〈２訂版〉
357,１日１まい　３０日うんこドリル　カタカナ　小学１年生
358,１日１まい　３０日うんこドリル　かん字　小学１年生
359,１日１まい　３０日うんこドリル　かけ算　小学２年生
360,大阪府公立高等学校一般予想テスト　２０２３年度受験用
361,Ｚ会小学生わくわくワーク６年生総復習・中学さきどり編　２０２２・２０２３年度用　国語・算数・理科・社会・英語
362,１日１まい　３０日うんこドリル　かん字　小学２年生
363,Ｚ会小学生わくわくワーク３年生総復習編　２０２２・２０２３年度用　国語・算数・理科・社会＋英語
364,うんこドリル　たし算・ひき算・かけ算もんだいしゅう編小学２年生　日本一楽しい学習ドリル
365,しっち　はっち　きゅうきゅうしゃ
366,Ｚ会小学生わくわくワーク２年生総復習編　２０２２・２０２３年度用　国語・算数・理科・社会
367,Ｚ会小学生わくわくワーク４年生総復習編　２０２２・２０２３年度用　国語・算数・理科・社会＋英語
368,１日１まい　３０日うんこドリル　たしざんひきざん　小学１年生
369,２０２３年中学入試用サピックス重大ニュース　中学入試に出る　２０２２ニュース解説（小学５・６年
370,わくわく楽しい！日本＆世界の旅行すごろく
371,一年間だけ。　キミと未来も永遠に
372,プリキュアあいうえおかけたよ！ブック　２０２３
373,動物探偵ミア　たき火まつりで危機一髪！
374,脳トレパズル　マインクラフト　まちがいさがしサバイバル
375,ふたごのプリンセスとピアニストのひみつクレープ
376,マインクラフト　おかしなコード
377,アンパンマンどうぶつシールえほんミニ
378,ほねほねザウルス　かみの山のソード＆ドラゴン
379,ミラクルハピネス　魔法のことばレッスン
380,学習ドリル　マインクラフトで学ぶプログラミング　小学１・２年
381,北辰のかこもん　社会　２０２２年度中３北辰テスト過去問題集
382,小説　ブルーロック
383,鬼滅の刃ノベライズ　最終決戦と禰豆子の目覚め編
384,きょうりゅうカタカナドリル
385,アイ・アム・冒険少年　脱出島　オリジナルストーリー　友情でミッションを乗り越えろ！
386,高校入試　１５時間完成　古文・漢文
387,おしりたんてい　ププッ　でんせつのかたなをまもれ　アニメコミック
388,新詳地理資料ＣＯＭＰＬＥＴＥ２０２３
389,おしえて　おしえて　かわいいの　だぁれ？　こころをはぐくむ　ふれあいえほん
390,ミラクルハピネス　誕生日＆うらない大全
391,ひみつの魔女フレンズ　まいごの子犬と魔法のリング
392,北辰のかこもん　英語　２０２２年度中３北辰テスト過去問題集
393,君にキュンキュンピンクのハートは知っている　探偵チームＫＺ事件ノート
394,怪盗レッド　織戸恭也のひそかな想い☆の巻
395,トップ・シークレット　決戦前夜のショータイム！
396,きらきらひかるよ！ピアノえほん
397,首都圏高校受験案内　２０２４年度用　東京・神奈川・千葉・埼玉の国公私立全校　茨城・栃木
398,６年１組　黒魔女さんが通る！！　黒魔女さんは白魔女さん！？
399,華麗なる探偵アリス＆ペンギン　キャッツ・イン・ザ・スカイ
400,かいけつゾロリの　あたまがよくなるボードゲームＢＯＸ
401,時間割男子　つなげ！　１００点満点のきずな
402,まゆとおおきなケーキ　やまんばのむすめ　まゆのおはなし
403,どきどきキッチンサーカス
404,学校では教えてくれない大切なこと　宇宙ってどんなところ？
405,中学生の勉強法ｖｅｒ．２．０
406,ぼくはいったい　どこにいるんだ
407,理花のおかしな実験室　とけない！？　チョコと本当のキモチ
408,５分後に奇奇怪怪のラスト
409,最恐！　危険生物かるた　超危険な生物のなまえで　ひらがなとカタカナをおぼえよう！
410,図解はじめての絵画
411,霧島くんは普通じゃない　〜ヴァンパイア三兄弟と同居！？　ドキドキの新学期〜
412,小学自由自在科学のなぜ？新図鑑
413,角川まんが学習シリーズ　日本の歴史　多様化する社会　平成時代〜令和
414,溺愛×ミッション！（１）　エリート学園の超モテスパイ男子たちに溺愛されちゃってます！
415,たべっ子どうぶつバスボール　りんごのかおり
416,小説　ブルーロック
417,はんぶんこ
418,逃走中　激ムズまちがいさがしＢＯＯＫ　ミッションクリアで逃走成功！
419,ひろがるスカイ！プリキュアメイクぬりええほん
420,なぜ？がわかる！　にゃんこ大戦争クイズブック　〜科学のぎもん編〜
421,絶対好きにならない同盟　〜歌姫はラブソングが超ニガテ！〜
422,あかちゃん　あかちゃん
423,化学重要問題集化学基礎・化学　実戦２０２３
424,かいけつゾロリのおやじギャグ＆なぞなぞ大じてん
425,しょうぼうしょ
426,この恋は、ぜったいヒミツ。
427,ひろがるスカイ！プリキュア　へんしんシールえほん
428,相方なんかになりません！　転校生はなにわのお笑い男子！？
429,サキヨミ！　恋と決意の文化祭
430,ひらめきゲット！　Ｌｅｔ’ｓ　ポケなぞ！！
431,小学生がたった１日で１９×１９までかんぺきに暗算できる本
432,パンどろぼうほかほかギフトボックス絵本３冊＋メッセージカード（全３冊セット）
433,鬼滅の刃　キメツ学園！　全集中ドリル　音の呼吸編
434,ＢＴ２１　まちがいをさがせ！
435,速読英単語　上級編［改訂第５版］
436,ふたごの恋の事情　夏休みのキセキ！　旅行先は矢島兄弟といっしょ！？
437,プリキュアオールスターズ　ひろがるスカイ！プリキュア　キラキラシールブック
438,おしりダンディ　ザ・ヤング　きょうりゅうのしま
439,そらまめくんの　いっしょに　あそぼ
440,ディズニープリンセス　ひらがな・カタカナカード　たっぷりあそべる
441,絶叫学級　パーティーのいけにえ　編
442,神スキル！！！　キセキの三きょうだい、登場！
443,ノラネコぐんだん大図鑑　１０周年限定特典付き
444,データベース３３００　基本英単語・熟語
445,おまもりえほん　こどもぼうはんルールブック
446,怪盗レッド　家族の絆は、うばえない☆の巻
447,１００ぴきかぞく
448,小学校の学習に役立つ！　マインクラフトで学ぶ理科クイズ
449,ひろがるスカイ！プリキュア　シールあそびえほん
450,ミラクルラブリー・感動のどうぶつ物語ＤＸ　涙のむこう
451,チャート式基礎と演習数学２＋Ｂ　新課程
452,ゆめがひろがるおんなのこのでんきえほん　全２２話
453,音とカードでおけいこ！　パウ・パトロールとあいうえお
454,大雪のサバイバル
455,まんがイラストずかんパーフェクトコレクション
456,新詳高等地図
457,グレッグのダメ日記　なんだって、やってやる！
458,歴史バトル図鑑　最強！戦国武将決定戦
459,人狼サバイバル　疑心暗鬼！　水の都の人狼ゲーム
460,トミカ　はじめてのひらがなキューブ
461,ミラクルきょうふ！　意味がわかると怖いストーリー
462,食べてうれしい贈ってしあわせ【ハピかわ】お菓子のレシピ
463,恐怖コレクター　宿命の再会
464,星のカービィ　プププヒーロー　星のカービィ　Ｗｉｉ〜ナゾの船とマホロア！！編
465,キミにはないしょ！　運動会、ふたりきりの特訓
466,小説　ブルーロック
467,青鬼外伝　ひろしの秘密の一日
468,まんが日本の歴史大事典
469,ないしょの未来日記　恋愛ギライな私とフキゲンな王子様
470,すみっコぐらし　フェルトマスコットキット
471,世界一クラブ　天才料理王子と対決！？
472,逃走中　オリジナルストーリー　暗闇からハンター！？　夜の遊園地で恐怖に立ちむかえ！
473,総長さま、溺愛中につき。　最強イケメンの溺愛バトルは再加速！？
474,中学生の語彙力アップ１７００［改訂版］
475,マインクラフトで楽しく学べる！　社会のしくみ大図鑑
476,科学探偵ｖｓ．超・自然現象（前）
477,マインクラフトでおふろスタディ　かけざん九九ひょう＆算数ポスター
478,超特大なぞなぞウルトラ大冒険３５１５問！
479,すみっコぐらし　もじ・ことば・おんどく４・５・６歳
480,たべもの
481,激震バトル！外来ＶＳ在来最強生物決定戦
482,ならんだ　くまさんはともだち　モンテッソーリはじめのいっぽ
483,君のとなりで。　この道を、ずっといっしょに
484,王様戦隊キングオージャー
485,世界一クラブ　スター・ダイヤを取りもどせ！
486,おしりたんてい　ププッ　かいていいせきのぼうけん　アニメコミック
487,ポケモンずかんドリル　小学１年生　かん字
488,どっちが強い！？　アフリカウシガエルｖｓオオムカデ　恐怖のゾロゾロ大行進
489,リトル☆バレリーナ　ＳＰ　きらめきストーリー　３つ
490,５分後に意外な結末ｅｘ　緑に覆われた世界の出来事
491,１２歳までに知っておきたい言い換え図鑑
492,戦国姫　徳川家康と愛しき姫君たち　江姫、東福門院和子ほか
493,いつつごうさぎとゆきのもり
494,自分のあたまで考えるドリル　まず、これから。　小学１・２年生めやす　よみとき・なぞとき・ひらめき
495,もふきゅんベイビー！　謎の赤ちゃんに出会ったら、モテ男子と同居が始まりました
496,ミラクルハピネス　心理テスト１４１２
497,イサベル１世
498,角川まんが学習シリーズ日本の歴史５大特典つき全１６巻＋別巻４冊セット（全２０巻セ
499,頭のいい子が育つ葉加瀬太郎の英語のうた　ＣＤ付
500,にゃんこ大戦争でまなぶ！難しい言葉１０００
501,七瀬くん家の３兄弟　恋愛禁止！？　ヒミツの同居はじめました！！
502,ジュニア　空想科学読本
503,桃太郎電鉄でわかる歴史の英雄大図鑑
504,ぼくらのオンライン戦争
505,パウ・パトロール　ちからを　あわせて！　アルティメットレスキュー
506,となりの一条三兄弟！
507,しずくちゃん　なぞのふわふわパン屋さん
508,すずめの戸締まり
509,とびだす！かわいい！どうぶつピアノ
510,霧島くんは普通じゃない　〜友だちを取りもどせ！　ヴァンパイアの婚約パーティー〜
511,絶叫学級　恋人たちの化けの皮　編
512,おもしろい！進化のふしぎ　とことんざんねんないきもの事典
513,おせちのみんなあつまって！
514,絵本　おじさまと猫　ふくまるとしあわせの宇宙船
515,なんとニャンコうんこ４こ！　早口ことばえほん
516,名探偵コナン　灰原哀セレクション　裏切りの代償
517,５４字の物語　Ｘ　意味がわかるとゾクゾクする超短編小説
518,サバイバー！！　豪華客船は再会のとき
